ISO-10303-21;
HEADER;
/* Generated by software containing ST-Developer
 * from STEP Tools, Inc. (www.steptools.com) 
 */

FILE_DESCRIPTION(
/* description */ (''),
/* implementation_level */ '2;1');

FILE_NAME(
/* name */ 'capsESPcame gith.step',
/* time_stamp */ '2026-08-15T22:46:46+07:00',
/* author */ (''),
/* organization */ (''),
/* preprocessor_version */ 'ST-DEVELOPER v20.1',
/* originating_system */ 'Autodesk Translation Framework v15.8.0.0',
/* authorisation */ '');

FILE_SCHEMA (('AUTOMOTIVE_DESIGN { 1 0 10303 214 3 1 1 }'));
ENDSEC;

DATA;
#10=MECHANICAL_DESIGN_GEOMETRIC_PRESENTATION_REPRESENTATION('',(#23,#24,
#25),#4986);
#11=ITEM_DEFINED_TRANSFORMATION($,$,#2897,#3215);
#12=ITEM_DEFINED_TRANSFORMATION($,$,#2983,#3216);
#13=(
REPRESENTATION_RELATIONSHIP($,$,#5000,#4999)
REPRESENTATION_RELATIONSHIP_WITH_TRANSFORMATION(#11)
SHAPE_REPRESENTATION_RELATIONSHIP()
);
#14=(
REPRESENTATION_RELATIONSHIP($,$,#5001,#4999)
REPRESENTATION_RELATIONSHIP_WITH_TRANSFORMATION(#12)
SHAPE_REPRESENTATION_RELATIONSHIP()
);
#15=CONTEXT_DEPENDENT_SHAPE_REPRESENTATION(#13,#4997);
#16=CONTEXT_DEPENDENT_SHAPE_REPRESENTATION(#14,#4998);
#17=NEXT_ASSEMBLY_USAGE_OCCURRENCE('de camera:1','de camera:1',
'de camera:1',#5003,#5004,'de camera:1');
#18=NEXT_ASSEMBLY_USAGE_OCCURRENCE('capsESPcame:1','capsESPcame:1',
'capsESPcame:1',#5003,#5005,'capsESPcame:1');
#19=SHAPE_REPRESENTATION_RELATIONSHIP('SRR','None',#5000,#21);
#20=SHAPE_REPRESENTATION_RELATIONSHIP('SRR','None',#5001,#22);
#21=ADVANCED_BREP_SHAPE_REPRESENTATION('',(#26),#4984);
#22=ADVANCED_BREP_SHAPE_REPRESENTATION('',(#27,#28),#4985);
#23=STYLED_ITEM('',(#5018),#26);
#24=STYLED_ITEM('',(#5018),#27);
#25=STYLED_ITEM('',(#5018),#28);
#26=MANIFOLD_SOLID_BREP('Body1',#2870);
#27=MANIFOLD_SOLID_BREP('caps',#2871);
#28=MANIFOLD_SOLID_BREP('nap',#2872);
#29=TOROIDAL_SURFACE('',#2965,17.,3.);
#30=CONICAL_SURFACE('',#2941,8.49999999999999,0.785398163397449);
#31=CONICAL_SURFACE('',#2945,8.49999999999999,0.785398163397448);
#32=CONICAL_SURFACE('',#2949,8.49999999999999,0.785398163397448);
#33=CONICAL_SURFACE('',#2953,8.49999999999998,0.78539816339745);
#34=CONICAL_SURFACE('',#3097,8.5,0.785398163397448);
#35=CONICAL_SURFACE('',#3101,8.5,0.785398163397447);
#36=CONICAL_SURFACE('',#3105,8.5,0.785398163397447);
#37=CONICAL_SURFACE('',#3108,8.5,0.785398163397449);
#38=CONICAL_SURFACE('',#3168,8.5,0.785398163397448);
#39=CONICAL_SURFACE('',#3172,8.49999999999999,0.785398163397449);
#40=CONICAL_SURFACE('',#3176,8.49999999999999,0.785398163397448);
#41=CONICAL_SURFACE('',#3180,8.5,0.785398163397448);
#42=PLANE('',#2908);
#43=PLANE('',#2913);
#44=PLANE('',#2918);
#45=PLANE('',#2923);
#46=PLANE('',#2936);
#47=PLANE('',#2940);
#48=PLANE('',#2944);
#49=PLANE('',#2948);
#50=PLANE('',#2952);
#51=PLANE('',#2956);
#52=PLANE('',#2957);
#53=PLANE('',#2960);
#54=PLANE('',#2963);
#55=PLANE('',#2971);
#56=PLANE('',#2975);
#57=PLANE('',#2976);
#58=PLANE('',#2979);
#59=PLANE('',#2982);
#60=PLANE('',#2984);
#61=PLANE('',#2988);
#62=PLANE('',#2992);
#63=PLANE('',#2996);
#64=PLANE('',#3000);
#65=PLANE('',#3009);
#66=PLANE('',#3012);
#67=PLANE('',#3017);
#68=PLANE('',#3018);
#69=PLANE('',#3023);
#70=PLANE('',#3024);
#71=PLANE('',#3025);
#72=PLANE('',#3027);
#73=PLANE('',#3028);
#74=PLANE('',#3030);
#75=PLANE('',#3031);
#76=PLANE('',#3032);
#77=PLANE('',#3033);
#78=PLANE('',#3034);
#79=PLANE('',#3040);
#80=PLANE('',#3041);
#81=PLANE('',#3042);
#82=PLANE('',#3043);
#83=PLANE('',#3045);
#84=PLANE('',#3047);
#85=PLANE('',#3049);
#86=PLANE('',#3051);
#87=PLANE('',#3053);
#88=PLANE('',#3055);
#89=PLANE('',#3056);
#90=PLANE('',#3057);
#91=PLANE('',#3058);
#92=PLANE('',#3063);
#93=PLANE('',#3068);
#94=PLANE('',#3072);
#95=PLANE('',#3073);
#96=PLANE('',#3075);
#97=PLANE('',#3090);
#98=PLANE('',#3093);
#99=PLANE('',#3096);
#100=PLANE('',#3100);
#101=PLANE('',#3104);
#102=PLANE('',#3107);
#103=PLANE('',#3111);
#104=PLANE('',#3113);
#105=PLANE('',#3116);
#106=PLANE('',#3118);
#107=PLANE('',#3122);
#108=PLANE('',#3123);
#109=PLANE('',#3124);
#110=PLANE('',#3125);
#111=PLANE('',#3126);
#112=PLANE('',#3128);
#113=PLANE('',#3129);
#114=PLANE('',#3130);
#115=PLANE('',#3131);
#116=PLANE('',#3138);
#117=PLANE('',#3139);
#118=PLANE('',#3151);
#119=PLANE('',#3156);
#120=PLANE('',#3161);
#121=PLANE('',#3166);
#122=PLANE('',#3171);
#123=PLANE('',#3175);
#124=PLANE('',#3179);
#125=PLANE('',#3183);
#126=PLANE('',#3184);
#127=PLANE('',#3187);
#128=PLANE('',#3190);
#129=PLANE('',#3191);
#130=PLANE('',#3198);
#131=PLANE('',#3200);
#132=PLANE('',#3206);
#133=PLANE('',#3208);
#134=PLANE('',#3210);
#135=PLANE('',#3212);
#136=PLANE('',#3214);
#137=FACE_BOUND('',#367,.T.);
#138=FACE_BOUND('',#368,.T.);
#139=FACE_BOUND('',#371,.T.);
#140=FACE_BOUND('',#374,.T.);
#141=FACE_BOUND('',#377,.T.);
#142=FACE_BOUND('',#380,.T.);
#143=FACE_BOUND('',#400,.T.);
#144=FACE_BOUND('',#403,.T.);
#145=FACE_BOUND('',#404,.T.);
#146=FACE_BOUND('',#405,.T.);
#147=FACE_BOUND('',#406,.T.);
#148=FACE_BOUND('',#407,.T.);
#149=FACE_BOUND('',#411,.T.);
#150=FACE_BOUND('',#414,.T.);
#151=FACE_BOUND('',#415,.T.);
#152=FACE_BOUND('',#416,.T.);
#153=FACE_BOUND('',#420,.T.);
#154=FACE_BOUND('',#423,.T.);
#155=FACE_BOUND('',#424,.T.);
#156=FACE_BOUND('',#425,.T.);
#157=FACE_BOUND('',#426,.T.);
#158=FACE_BOUND('',#427,.T.);
#159=FACE_BOUND('',#437,.T.);
#160=FACE_BOUND('',#438,.T.);
#161=FACE_BOUND('',#439,.T.);
#162=FACE_BOUND('',#440,.T.);
#163=FACE_BOUND('',#441,.T.);
#164=FACE_BOUND('',#443,.T.);
#165=FACE_BOUND('',#459,.T.);
#166=FACE_BOUND('',#460,.T.);
#167=FACE_BOUND('',#461,.T.);
#168=FACE_BOUND('',#462,.T.);
#169=FACE_BOUND('',#463,.T.);
#170=FACE_BOUND('',#479,.T.);
#171=FACE_BOUND('',#482,.T.);
#172=FACE_BOUND('',#488,.T.);
#173=FACE_BOUND('',#500,.T.);
#174=FACE_BOUND('',#513,.T.);
#175=FACE_BOUND('',#514,.T.);
#176=FACE_BOUND('',#515,.T.);
#177=FACE_BOUND('',#516,.T.);
#178=FACE_BOUND('',#517,.T.);
#179=FACE_BOUND('',#536,.T.);
#180=FACE_BOUND('',#538,.T.);
#181=FACE_BOUND('',#539,.T.);
#182=FACE_BOUND('',#540,.T.);
#183=FACE_BOUND('',#541,.T.);
#184=FACE_BOUND('',#542,.T.);
#185=FACE_BOUND('',#545,.T.);
#186=FACE_BOUND('',#548,.T.);
#187=FACE_BOUND('',#551,.T.);
#188=FACE_BOUND('',#554,.T.);
#189=FACE_BOUND('',#568,.T.);
#190=FACE_BOUND('',#569,.T.);
#191=FACE_BOUND('',#570,.T.);
#192=FACE_BOUND('',#571,.T.);
#193=FACE_BOUND('',#573,.T.);
#194=FACE_OUTER_BOUND('',#364,.T.);
#195=FACE_OUTER_BOUND('',#365,.T.);
#196=FACE_OUTER_BOUND('',#366,.T.);
#197=FACE_OUTER_BOUND('',#369,.T.);
#198=FACE_OUTER_BOUND('',#370,.T.);
#199=FACE_OUTER_BOUND('',#372,.T.);
#200=FACE_OUTER_BOUND('',#373,.T.);
#201=FACE_OUTER_BOUND('',#375,.T.);
#202=FACE_OUTER_BOUND('',#376,.T.);
#203=FACE_OUTER_BOUND('',#378,.T.);
#204=FACE_OUTER_BOUND('',#379,.T.);
#205=FACE_OUTER_BOUND('',#381,.T.);
#206=FACE_OUTER_BOUND('',#382,.T.);
#207=FACE_OUTER_BOUND('',#383,.T.);
#208=FACE_OUTER_BOUND('',#384,.T.);
#209=FACE_OUTER_BOUND('',#385,.T.);
#210=FACE_OUTER_BOUND('',#386,.T.);
#211=FACE_OUTER_BOUND('',#387,.T.);
#212=FACE_OUTER_BOUND('',#388,.T.);
#213=FACE_OUTER_BOUND('',#389,.T.);
#214=FACE_OUTER_BOUND('',#390,.T.);
#215=FACE_OUTER_BOUND('',#391,.T.);
#216=FACE_OUTER_BOUND('',#392,.T.);
#217=FACE_OUTER_BOUND('',#393,.T.);
#218=FACE_OUTER_BOUND('',#394,.T.);
#219=FACE_OUTER_BOUND('',#395,.T.);
#220=FACE_OUTER_BOUND('',#396,.T.);
#221=FACE_OUTER_BOUND('',#397,.T.);
#222=FACE_OUTER_BOUND('',#398,.T.);
#223=FACE_OUTER_BOUND('',#399,.T.);
#224=FACE_OUTER_BOUND('',#401,.T.);
#225=FACE_OUTER_BOUND('',#402,.T.);
#226=FACE_OUTER_BOUND('',#408,.T.);
#227=FACE_OUTER_BOUND('',#409,.T.);
#228=FACE_OUTER_BOUND('',#410,.T.);
#229=FACE_OUTER_BOUND('',#412,.T.);
#230=FACE_OUTER_BOUND('',#413,.T.);
#231=FACE_OUTER_BOUND('',#417,.T.);
#232=FACE_OUTER_BOUND('',#418,.T.);
#233=FACE_OUTER_BOUND('',#419,.T.);
#234=FACE_OUTER_BOUND('',#421,.T.);
#235=FACE_OUTER_BOUND('',#422,.T.);
#236=FACE_OUTER_BOUND('',#428,.T.);
#237=FACE_OUTER_BOUND('',#429,.T.);
#238=FACE_OUTER_BOUND('',#430,.T.);
#239=FACE_OUTER_BOUND('',#431,.T.);
#240=FACE_OUTER_BOUND('',#432,.T.);
#241=FACE_OUTER_BOUND('',#433,.T.);
#242=FACE_OUTER_BOUND('',#434,.T.);
#243=FACE_OUTER_BOUND('',#435,.T.);
#244=FACE_OUTER_BOUND('',#436,.T.);
#245=FACE_OUTER_BOUND('',#442,.T.);
#246=FACE_OUTER_BOUND('',#444,.T.);
#247=FACE_OUTER_BOUND('',#445,.T.);
#248=FACE_OUTER_BOUND('',#446,.T.);
#249=FACE_OUTER_BOUND('',#447,.T.);
#250=FACE_OUTER_BOUND('',#448,.T.);
#251=FACE_OUTER_BOUND('',#449,.T.);
#252=FACE_OUTER_BOUND('',#450,.T.);
#253=FACE_OUTER_BOUND('',#451,.T.);
#254=FACE_OUTER_BOUND('',#452,.T.);
#255=FACE_OUTER_BOUND('',#453,.T.);
#256=FACE_OUTER_BOUND('',#454,.T.);
#257=FACE_OUTER_BOUND('',#455,.T.);
#258=FACE_OUTER_BOUND('',#456,.T.);
#259=FACE_OUTER_BOUND('',#457,.T.);
#260=FACE_OUTER_BOUND('',#458,.T.);
#261=FACE_OUTER_BOUND('',#464,.T.);
#262=FACE_OUTER_BOUND('',#465,.T.);
#263=FACE_OUTER_BOUND('',#466,.T.);
#264=FACE_OUTER_BOUND('',#467,.T.);
#265=FACE_OUTER_BOUND('',#468,.T.);
#266=FACE_OUTER_BOUND('',#469,.T.);
#267=FACE_OUTER_BOUND('',#470,.T.);
#268=FACE_OUTER_BOUND('',#471,.T.);
#269=FACE_OUTER_BOUND('',#472,.T.);
#270=FACE_OUTER_BOUND('',#473,.T.);
#271=FACE_OUTER_BOUND('',#474,.T.);
#272=FACE_OUTER_BOUND('',#475,.T.);
#273=FACE_OUTER_BOUND('',#476,.T.);
#274=FACE_OUTER_BOUND('',#477,.T.);
#275=FACE_OUTER_BOUND('',#478,.T.);
#276=FACE_OUTER_BOUND('',#480,.T.);
#277=FACE_OUTER_BOUND('',#481,.T.);
#278=FACE_OUTER_BOUND('',#483,.T.);
#279=FACE_OUTER_BOUND('',#484,.T.);
#280=FACE_OUTER_BOUND('',#485,.T.);
#281=FACE_OUTER_BOUND('',#486,.T.);
#282=FACE_OUTER_BOUND('',#487,.T.);
#283=FACE_OUTER_BOUND('',#489,.T.);
#284=FACE_OUTER_BOUND('',#490,.T.);
#285=FACE_OUTER_BOUND('',#491,.T.);
#286=FACE_OUTER_BOUND('',#492,.T.);
#287=FACE_OUTER_BOUND('',#493,.T.);
#288=FACE_OUTER_BOUND('',#494,.T.);
#289=FACE_OUTER_BOUND('',#495,.T.);
#290=FACE_OUTER_BOUND('',#496,.T.);
#291=FACE_OUTER_BOUND('',#497,.T.);
#292=FACE_OUTER_BOUND('',#498,.T.);
#293=FACE_OUTER_BOUND('',#499,.T.);
#294=FACE_OUTER_BOUND('',#501,.T.);
#295=FACE_OUTER_BOUND('',#502,.T.);
#296=FACE_OUTER_BOUND('',#503,.T.);
#297=FACE_OUTER_BOUND('',#504,.T.);
#298=FACE_OUTER_BOUND('',#505,.T.);
#299=FACE_OUTER_BOUND('',#506,.T.);
#300=FACE_OUTER_BOUND('',#507,.T.);
#301=FACE_OUTER_BOUND('',#508,.T.);
#302=FACE_OUTER_BOUND('',#509,.T.);
#303=FACE_OUTER_BOUND('',#510,.T.);
#304=FACE_OUTER_BOUND('',#511,.T.);
#305=FACE_OUTER_BOUND('',#512,.T.);
#306=FACE_OUTER_BOUND('',#518,.T.);
#307=FACE_OUTER_BOUND('',#519,.T.);
#308=FACE_OUTER_BOUND('',#520,.T.);
#309=FACE_OUTER_BOUND('',#521,.T.);
#310=FACE_OUTER_BOUND('',#522,.T.);
#311=FACE_OUTER_BOUND('',#523,.T.);
#312=FACE_OUTER_BOUND('',#524,.T.);
#313=FACE_OUTER_BOUND('',#525,.T.);
#314=FACE_OUTER_BOUND('',#526,.T.);
#315=FACE_OUTER_BOUND('',#527,.T.);
#316=FACE_OUTER_BOUND('',#528,.T.);
#317=FACE_OUTER_BOUND('',#529,.T.);
#318=FACE_OUTER_BOUND('',#530,.T.);
#319=FACE_OUTER_BOUND('',#531,.T.);
#320=FACE_OUTER_BOUND('',#532,.T.);
#321=FACE_OUTER_BOUND('',#533,.T.);
#322=FACE_OUTER_BOUND('',#534,.T.);
#323=FACE_OUTER_BOUND('',#535,.T.);
#324=FACE_OUTER_BOUND('',#537,.T.);
#325=FACE_OUTER_BOUND('',#543,.T.);
#326=FACE_OUTER_BOUND('',#544,.T.);
#327=FACE_OUTER_BOUND('',#546,.T.);
#328=FACE_OUTER_BOUND('',#547,.T.);
#329=FACE_OUTER_BOUND('',#549,.T.);
#330=FACE_OUTER_BOUND('',#550,.T.);
#331=FACE_OUTER_BOUND('',#552,.T.);
#332=FACE_OUTER_BOUND('',#553,.T.);
#333=FACE_OUTER_BOUND('',#555,.T.);
#334=FACE_OUTER_BOUND('',#556,.T.);
#335=FACE_OUTER_BOUND('',#557,.T.);
#336=FACE_OUTER_BOUND('',#558,.T.);
#337=FACE_OUTER_BOUND('',#559,.T.);
#338=FACE_OUTER_BOUND('',#560,.T.);
#339=FACE_OUTER_BOUND('',#561,.T.);
#340=FACE_OUTER_BOUND('',#562,.T.);
#341=FACE_OUTER_BOUND('',#563,.T.);
#342=FACE_OUTER_BOUND('',#564,.T.);
#343=FACE_OUTER_BOUND('',#565,.T.);
#344=FACE_OUTER_BOUND('',#566,.T.);
#345=FACE_OUTER_BOUND('',#567,.T.);
#346=FACE_OUTER_BOUND('',#572,.T.);
#347=FACE_OUTER_BOUND('',#574,.T.);
#348=FACE_OUTER_BOUND('',#575,.T.);
#349=FACE_OUTER_BOUND('',#576,.T.);
#350=FACE_OUTER_BOUND('',#577,.T.);
#351=FACE_OUTER_BOUND('',#578,.T.);
#352=FACE_OUTER_BOUND('',#579,.T.);
#353=FACE_OUTER_BOUND('',#580,.T.);
#354=FACE_OUTER_BOUND('',#581,.T.);
#355=FACE_OUTER_BOUND('',#582,.T.);
#356=FACE_OUTER_BOUND('',#583,.T.);
#357=FACE_OUTER_BOUND('',#584,.T.);
#358=FACE_OUTER_BOUND('',#585,.T.);
#359=FACE_OUTER_BOUND('',#586,.T.);
#360=FACE_OUTER_BOUND('',#587,.T.);
#361=FACE_OUTER_BOUND('',#588,.T.);
#362=FACE_OUTER_BOUND('',#589,.T.);
#363=FACE_OUTER_BOUND('',#590,.T.);
#364=EDGE_LOOP('',(#1858,#1859,#1860,#1861,#1862));
#365=EDGE_LOOP('',(#1863,#1864,#1865,#1866,#1867));
#366=EDGE_LOOP('',(#1868,#1869,#1870,#1871));
#367=EDGE_LOOP('',(#1872,#1873));
#368=EDGE_LOOP('',(#1874,#1875));
#369=EDGE_LOOP('',(#1876,#1877,#1878,#1879));
#370=EDGE_LOOP('',(#1880));
#371=EDGE_LOOP('',(#1881));
#372=EDGE_LOOP('',(#1882,#1883,#1884,#1885));
#373=EDGE_LOOP('',(#1886));
#374=EDGE_LOOP('',(#1887));
#375=EDGE_LOOP('',(#1888,#1889,#1890,#1891));
#376=EDGE_LOOP('',(#1892));
#377=EDGE_LOOP('',(#1893));
#378=EDGE_LOOP('',(#1894,#1895,#1896,#1897));
#379=EDGE_LOOP('',(#1898));
#380=EDGE_LOOP('',(#1899));
#381=EDGE_LOOP('',(#1900,#1901,#1902,#1903));
#382=EDGE_LOOP('',(#1904,#1905,#1906,#1907));
#383=EDGE_LOOP('',(#1908,#1909,#1910,#1911));
#384=EDGE_LOOP('',(#1912,#1913,#1914,#1915));
#385=EDGE_LOOP('',(#1916,#1917,#1918,#1919));
#386=EDGE_LOOP('',(#1920));
#387=EDGE_LOOP('',(#1921,#1922,#1923,#1924));
#388=EDGE_LOOP('',(#1925));
#389=EDGE_LOOP('',(#1926,#1927,#1928,#1929));
#390=EDGE_LOOP('',(#1930,#1931,#1932,#1933));
#391=EDGE_LOOP('',(#1934,#1935,#1936,#1937));
#392=EDGE_LOOP('',(#1938,#1939,#1940,#1941));
#393=EDGE_LOOP('',(#1942,#1943,#1944,#1945));
#394=EDGE_LOOP('',(#1946,#1947,#1948,#1949));
#395=EDGE_LOOP('',(#1950,#1951,#1952,#1953));
#396=EDGE_LOOP('',(#1954,#1955,#1956,#1957));
#397=EDGE_LOOP('',(#1958,#1959,#1960,#1961));
#398=EDGE_LOOP('',(#1962,#1963,#1964,#1965));
#399=EDGE_LOOP('',(#1966,#1967,#1968,#1969));
#400=EDGE_LOOP('',(#1970));
#401=EDGE_LOOP('',(#1971,#1972,#1973,#1974));
#402=EDGE_LOOP('',(#1975,#1976,#1977,#1978,#1979,#1980,#1981,#1982));
#403=EDGE_LOOP('',(#1983));
#404=EDGE_LOOP('',(#1984));
#405=EDGE_LOOP('',(#1985));
#406=EDGE_LOOP('',(#1986));
#407=EDGE_LOOP('',(#1987));
#408=EDGE_LOOP('',(#1988,#1989,#1990,#1991,#1992));
#409=EDGE_LOOP('',(#1993,#1994,#1995,#1996,#1997));
#410=EDGE_LOOP('',(#1998));
#411=EDGE_LOOP('',(#1999));
#412=EDGE_LOOP('',(#2000,#2001,#2002,#2003));
#413=EDGE_LOOP('',(#2004));
#414=EDGE_LOOP('',(#2005));
#415=EDGE_LOOP('',(#2006));
#416=EDGE_LOOP('',(#2007));
#417=EDGE_LOOP('',(#2008,#2009,#2010,#2011));
#418=EDGE_LOOP('',(#2012,#2013,#2014,#2015));
#419=EDGE_LOOP('',(#2016,#2017,#2018,#2019));
#420=EDGE_LOOP('',(#2020));
#421=EDGE_LOOP('',(#2021,#2022,#2023,#2024));
#422=EDGE_LOOP('',(#2025,#2026,#2027,#2028,#2029,#2030,#2031,#2032));
#423=EDGE_LOOP('',(#2033));
#424=EDGE_LOOP('',(#2034));
#425=EDGE_LOOP('',(#2035));
#426=EDGE_LOOP('',(#2036));
#427=EDGE_LOOP('',(#2037));
#428=EDGE_LOOP('',(#2038,#2039,#2040,#2041));
#429=EDGE_LOOP('',(#2042,#2043,#2044,#2045));
#430=EDGE_LOOP('',(#2046,#2047,#2048,#2049));
#431=EDGE_LOOP('',(#2050,#2051,#2052,#2053));
#432=EDGE_LOOP('',(#2054,#2055,#2056,#2057));
#433=EDGE_LOOP('',(#2058,#2059,#2060,#2061));
#434=EDGE_LOOP('',(#2062,#2063,#2064,#2065));
#435=EDGE_LOOP('',(#2066,#2067,#2068,#2069));
#436=EDGE_LOOP('',(#2070,#2071,#2072,#2073,#2074,#2075,#2076,#2077));
#437=EDGE_LOOP('',(#2078));
#438=EDGE_LOOP('',(#2079));
#439=EDGE_LOOP('',(#2080,#2081,#2082,#2083,#2084,#2085,#2086,#2087,#2088,
#2089,#2090,#2091,#2092,#2093,#2094,#2095,#2096,#2097,#2098,#2099));
#440=EDGE_LOOP('',(#2100));
#441=EDGE_LOOP('',(#2101));
#442=EDGE_LOOP('',(#2102,#2103,#2104,#2105));
#443=EDGE_LOOP('',(#2106,#2107,#2108,#2109));
#444=EDGE_LOOP('',(#2110,#2111,#2112,#2113));
#445=EDGE_LOOP('',(#2114,#2115,#2116,#2117,#2118,#2119));
#446=EDGE_LOOP('',(#2120,#2121,#2122,#2123));
#447=EDGE_LOOP('',(#2124,#2125,#2126,#2127));
#448=EDGE_LOOP('',(#2128,#2129,#2130,#2131,#2132,#2133));
#449=EDGE_LOOP('',(#2134,#2135,#2136,#2137));
#450=EDGE_LOOP('',(#2138,#2139,#2140,#2141,#2142,#2143,#2144,#2145,#2146,
#2147,#2148,#2149,#2150,#2151,#2152,#2153));
#451=EDGE_LOOP('',(#2154));
#452=EDGE_LOOP('',(#2155,#2156,#2157));
#453=EDGE_LOOP('',(#2158));
#454=EDGE_LOOP('',(#2159,#2160,#2161));
#455=EDGE_LOOP('',(#2162,#2163,#2164));
#456=EDGE_LOOP('',(#2165,#2166,#2167));
#457=EDGE_LOOP('',(#2168,#2169));
#458=EDGE_LOOP('',(#2170,#2171,#2172,#2173));
#459=EDGE_LOOP('',(#2174));
#460=EDGE_LOOP('',(#2175));
#461=EDGE_LOOP('',(#2176));
#462=EDGE_LOOP('',(#2177));
#463=EDGE_LOOP('',(#2178));
#464=EDGE_LOOP('',(#2179,#2180,#2181,#2182));
#465=EDGE_LOOP('',(#2183,#2184,#2185,#2186));
#466=EDGE_LOOP('',(#2187,#2188,#2189,#2190));
#467=EDGE_LOOP('',(#2191));
#468=EDGE_LOOP('',(#2192,#2193,#2194));
#469=EDGE_LOOP('',(#2195));
#470=EDGE_LOOP('',(#2196,#2197,#2198));
#471=EDGE_LOOP('',(#2199,#2200,#2201));
#472=EDGE_LOOP('',(#2202,#2203,#2204));
#473=EDGE_LOOP('',(#2205,#2206,#2207,#2208));
#474=EDGE_LOOP('',(#2209,#2210,#2211,#2212));
#475=EDGE_LOOP('',(#2213,#2214,#2215,#2216,#2217,#2218,#2219,#2220,#2221,
#2222,#2223,#2224,#2225,#2226,#2227,#2228));
#476=EDGE_LOOP('',(#2229,#2230));
#477=EDGE_LOOP('',(#2231,#2232,#2233,#2234));
#478=EDGE_LOOP('',(#2235));
#479=EDGE_LOOP('',(#2236));
#480=EDGE_LOOP('',(#2237,#2238,#2239,#2240));
#481=EDGE_LOOP('',(#2241));
#482=EDGE_LOOP('',(#2242));
#483=EDGE_LOOP('',(#2243,#2244,#2245,#2246));
#484=EDGE_LOOP('',(#2247,#2248,#2249,#2250));
#485=EDGE_LOOP('',(#2251,#2252));
#486=EDGE_LOOP('',(#2253,#2254));
#487=EDGE_LOOP('',(#2255,#2256,#2257,#2258,#2259,#2260,#2261,#2262));
#488=EDGE_LOOP('',(#2263,#2264,#2265,#2266,#2267,#2268,#2269,#2270));
#489=EDGE_LOOP('',(#2271,#2272,#2273,#2274));
#490=EDGE_LOOP('',(#2275,#2276,#2277,#2278));
#491=EDGE_LOOP('',(#2279,#2280,#2281,#2282));
#492=EDGE_LOOP('',(#2283,#2284,#2285,#2286));
#493=EDGE_LOOP('',(#2287,#2288,#2289,#2290));
#494=EDGE_LOOP('',(#2291,#2292,#2293,#2294,#2295,#2296));
#495=EDGE_LOOP('',(#2297,#2298,#2299,#2300,#2301,#2302));
#496=EDGE_LOOP('',(#2303,#2304,#2305,#2306));
#497=EDGE_LOOP('',(#2307,#2308,#2309,#2310));
#498=EDGE_LOOP('',(#2311,#2312,#2313,#2314));
#499=EDGE_LOOP('',(#2315,#2316,#2317,#2318));
#500=EDGE_LOOP('',(#2319,#2320,#2321,#2322));
#501=EDGE_LOOP('',(#2323,#2324,#2325,#2326));
#502=EDGE_LOOP('',(#2327,#2328,#2329,#2330));
#503=EDGE_LOOP('',(#2331,#2332,#2333,#2334));
#504=EDGE_LOOP('',(#2335,#2336,#2337,#2338));
#505=EDGE_LOOP('',(#2339,#2340,#2341,#2342));
#506=EDGE_LOOP('',(#2343,#2344,#2345,#2346));
#507=EDGE_LOOP('',(#2347,#2348,#2349,#2350));
#508=EDGE_LOOP('',(#2351,#2352,#2353,#2354));
#509=EDGE_LOOP('',(#2355,#2356,#2357,#2358));
#510=EDGE_LOOP('',(#2359,#2360,#2361,#2362));
#511=EDGE_LOOP('',(#2363,#2364,#2365,#2366));
#512=EDGE_LOOP('',(#2367,#2368,#2369,#2370,#2371,#2372,#2373,#2374));
#513=EDGE_LOOP('',(#2375));
#514=EDGE_LOOP('',(#2376));
#515=EDGE_LOOP('',(#2377));
#516=EDGE_LOOP('',(#2378));
#517=EDGE_LOOP('',(#2379));
#518=EDGE_LOOP('',(#2380,#2381,#2382,#2383));
#519=EDGE_LOOP('',(#2384,#2385,#2386,#2387));
#520=EDGE_LOOP('',(#2388,#2389,#2390,#2391));
#521=EDGE_LOOP('',(#2392,#2393,#2394,#2395));
#522=EDGE_LOOP('',(#2396,#2397,#2398,#2399));
#523=EDGE_LOOP('',(#2400,#2401,#2402,#2403));
#524=EDGE_LOOP('',(#2404,#2405,#2406,#2407));
#525=EDGE_LOOP('',(#2408,#2409,#2410,#2411));
#526=EDGE_LOOP('',(#2412,#2413,#2414,#2415));
#527=EDGE_LOOP('',(#2416,#2417,#2418,#2419));
#528=EDGE_LOOP('',(#2420,#2421,#2422,#2423));
#529=EDGE_LOOP('',(#2424,#2425,#2426,#2427));
#530=EDGE_LOOP('',(#2428,#2429,#2430,#2431));
#531=EDGE_LOOP('',(#2432,#2433,#2434,#2435));
#532=EDGE_LOOP('',(#2436,#2437,#2438,#2439));
#533=EDGE_LOOP('',(#2440,#2441,#2442,#2443));
#534=EDGE_LOOP('',(#2444,#2445,#2446,#2447,#2448,#2449,#2450,#2451,#2452));
#535=EDGE_LOOP('',(#2453));
#536=EDGE_LOOP('',(#2454));
#537=EDGE_LOOP('',(#2455,#2456,#2457,#2458,#2459,#2460,#2461,#2462));
#538=EDGE_LOOP('',(#2463,#2464,#2465,#2466,#2467,#2468));
#539=EDGE_LOOP('',(#2469));
#540=EDGE_LOOP('',(#2470));
#541=EDGE_LOOP('',(#2471));
#542=EDGE_LOOP('',(#2472));
#543=EDGE_LOOP('',(#2473,#2474,#2475,#2476));
#544=EDGE_LOOP('',(#2477));
#545=EDGE_LOOP('',(#2478));
#546=EDGE_LOOP('',(#2479,#2480,#2481,#2482));
#547=EDGE_LOOP('',(#2483));
#548=EDGE_LOOP('',(#2484));
#549=EDGE_LOOP('',(#2485,#2486,#2487,#2488));
#550=EDGE_LOOP('',(#2489));
#551=EDGE_LOOP('',(#2490));
#552=EDGE_LOOP('',(#2491,#2492,#2493,#2494));
#553=EDGE_LOOP('',(#2495));
#554=EDGE_LOOP('',(#2496));
#555=EDGE_LOOP('',(#2497,#2498,#2499,#2500));
#556=EDGE_LOOP('',(#2501,#2502,#2503,#2504));
#557=EDGE_LOOP('',(#2505,#2506,#2507,#2508));
#558=EDGE_LOOP('',(#2509,#2510,#2511,#2512));
#559=EDGE_LOOP('',(#2513,#2514,#2515,#2516));
#560=EDGE_LOOP('',(#2517,#2518,#2519,#2520));
#561=EDGE_LOOP('',(#2521,#2522,#2523,#2524));
#562=EDGE_LOOP('',(#2525,#2526,#2527,#2528));
#563=EDGE_LOOP('',(#2529,#2530,#2531,#2532));
#564=EDGE_LOOP('',(#2533,#2534,#2535,#2536));
#565=EDGE_LOOP('',(#2537,#2538,#2539,#2540));
#566=EDGE_LOOP('',(#2541,#2542,#2543,#2544));
#567=EDGE_LOOP('',(#2545,#2546,#2547,#2548,#2549,#2550,#2551,#2552));
#568=EDGE_LOOP('',(#2553));
#569=EDGE_LOOP('',(#2554));
#570=EDGE_LOOP('',(#2555));
#571=EDGE_LOOP('',(#2556));
#572=EDGE_LOOP('',(#2557,#2558,#2559,#2560,#2561,#2562,#2563,#2564));
#573=EDGE_LOOP('',(#2565,#2566,#2567,#2568,#2569,#2570,#2571,#2572));
#574=EDGE_LOOP('',(#2573,#2574,#2575,#2576));
#575=EDGE_LOOP('',(#2577,#2578,#2579,#2580));
#576=EDGE_LOOP('',(#2581,#2582,#2583,#2584));
#577=EDGE_LOOP('',(#2585,#2586,#2587,#2588));
#578=EDGE_LOOP('',(#2589,#2590,#2591,#2592));
#579=EDGE_LOOP('',(#2593,#2594,#2595,#2596));
#580=EDGE_LOOP('',(#2597,#2598,#2599,#2600));
#581=EDGE_LOOP('',(#2601,#2602,#2603,#2604));
#582=EDGE_LOOP('',(#2605,#2606,#2607,#2608));
#583=EDGE_LOOP('',(#2609,#2610,#2611,#2612));
#584=EDGE_LOOP('',(#2613,#2614,#2615,#2616));
#585=EDGE_LOOP('',(#2617,#2618,#2619,#2620));
#586=EDGE_LOOP('',(#2621,#2622,#2623,#2624));
#587=EDGE_LOOP('',(#2625,#2626,#2627,#2628));
#588=EDGE_LOOP('',(#2629,#2630,#2631,#2632));
#589=EDGE_LOOP('',(#2633,#2634,#2635,#2636));
#590=EDGE_LOOP('',(#2637));
#591=B_SPLINE_CURVE_WITH_KNOTS('',3,(#4107,#4108,#4109,#4110,#4111,#4112,
#4113,#4114,#4115,#4116,#4117,#4118,#4119,#4120,#4121,#4122,#4123,#4124),
 .UNSPECIFIED.,.F.,.F.,(4,2,2,2,2,2,2,2,4),(0.,0.0978639694192072,0.195727938838414,
0.292818530306815,0.389909121775216,0.486999713243618,0.584090304712019,
0.681954274131227,0.779818243550434),.UNSPECIFIED.);
#592=B_SPLINE_CURVE_WITH_KNOTS('',3,(#4125,#4126,#4127,#4128,#4129,#4130,
#4131,#4132,#4133,#4134,#4135,#4136,#4137,#4138,#4139,#4140,#4141,#4142),
 .UNSPECIFIED.,.F.,.F.,(4,2,2,2,2,2,2,2,4),(0.779818243550434,0.877682212969642,
0.975546182388849,1.07263677385725,1.16972736532565,1.26681795679405,1.36390854826245,
1.46177251768166,1.55963648710087),.UNSPECIFIED.);
#593=B_SPLINE_CURVE_WITH_KNOTS('',3,(#4146,#4147,#4148,#4149,#4150,#4151,
#4152,#4153,#4154,#4155,#4156,#4157,#4158,#4159,#4160,#4161,#4162,#4163),
 .UNSPECIFIED.,.F.,.F.,(4,2,2,2,2,2,2,2,4),(0.,0.0978639694192071,0.195727938838414,
0.292818530306815,0.389909121775217,0.486999713243618,0.58409030471202,
0.681954274131227,0.779818243550435),.UNSPECIFIED.);
#594=B_SPLINE_CURVE_WITH_KNOTS('',3,(#4164,#4165,#4166,#4167,#4168,#4169,
#4170,#4171,#4172,#4173,#4174,#4175,#4176,#4177,#4178,#4179,#4180,#4181),
 .UNSPECIFIED.,.F.,.F.,(4,2,2,2,2,2,2,2,4),(0.779818243550435,0.877682212969642,
0.975546182388849,1.07263677385725,1.16972736532565,1.26681795679405,1.36390854826245,
1.46177251768166,1.55963648710087),.UNSPECIFIED.);
#595=LINE('',#4105,#835);
#596=LINE('',#4183,#836);
#597=LINE('',#4189,#837);
#598=LINE('',#4195,#838);
#599=LINE('',#4204,#839);
#600=LINE('',#4213,#840);
#601=LINE('',#4222,#841);
#602=LINE('',#4229,#842);
#603=LINE('',#4233,#843);
#604=LINE('',#4237,#844);
#605=LINE('',#4241,#845);
#606=LINE('',#4247,#846);
#607=LINE('',#4254,#847);
#608=LINE('',#4260,#848);
#609=LINE('',#4264,#849);
#610=LINE('',#4269,#850);
#611=LINE('',#4270,#851);
#612=LINE('',#4271,#852);
#613=LINE('',#4275,#853);
#614=LINE('',#4281,#854);
#615=LINE('',#4282,#855);
#616=LINE('',#4283,#856);
#617=LINE('',#4287,#857);
#618=LINE('',#4293,#858);
#619=LINE('',#4294,#859);
#620=LINE('',#4295,#860);
#621=LINE('',#4299,#861);
#622=LINE('',#4303,#862);
#623=LINE('',#4304,#863);
#624=LINE('',#4307,#864);
#625=LINE('',#4309,#865);
#626=LINE('',#4310,#866);
#627=LINE('',#4313,#867);
#628=LINE('',#4317,#868);
#629=LINE('',#4318,#869);
#630=LINE('',#4321,#870);
#631=LINE('',#4335,#871);
#632=LINE('',#4342,#872);
#633=LINE('',#4346,#873);
#634=LINE('',#4347,#874);
#635=LINE('',#4350,#875);
#636=LINE('',#4354,#876);
#637=LINE('',#4355,#877);
#638=LINE('',#4363,#878);
#639=LINE('',#4365,#879);
#640=LINE('',#4367,#880);
#641=LINE('',#4368,#881);
#642=LINE('',#4373,#882);
#643=LINE('',#4377,#883);
#644=LINE('',#4379,#884);
#645=LINE('',#4380,#885);
#646=LINE('',#4385,#886);
#647=LINE('',#4389,#887);
#648=LINE('',#4391,#888);
#649=LINE('',#4392,#889);
#650=LINE('',#4397,#890);
#651=LINE('',#4401,#891);
#652=LINE('',#4403,#892);
#653=LINE('',#4404,#893);
#654=LINE('',#4415,#894);
#655=LINE('',#4417,#895);
#656=LINE('',#4421,#896);
#657=LINE('',#4423,#897);
#658=LINE('',#4425,#898);
#659=LINE('',#4429,#899);
#660=LINE('',#4431,#900);
#661=LINE('',#4433,#901);
#662=LINE('',#4435,#902);
#663=LINE('',#4437,#903);
#664=LINE('',#4441,#904);
#665=LINE('',#4443,#905);
#666=LINE('',#4445,#906);
#667=LINE('',#4449,#907);
#668=LINE('',#4451,#908);
#669=LINE('',#4452,#909);
#670=LINE('',#4459,#910);
#671=LINE('',#4461,#911);
#672=LINE('',#4462,#912);
#673=LINE('',#4465,#913);
#674=LINE('',#4469,#914);
#675=LINE('',#4473,#915);
#676=LINE('',#4475,#916);
#677=LINE('',#4476,#917);
#678=LINE('',#4479,#918);
#679=LINE('',#4487,#919);
#680=LINE('',#4488,#920);
#681=LINE('',#4491,#921);
#682=LINE('',#4493,#922);
#683=LINE('',#4494,#923);
#684=LINE('',#4497,#924);
#685=LINE('',#4505,#925);
#686=LINE('',#4506,#926);
#687=LINE('',#4508,#927);
#688=LINE('',#4509,#928);
#689=LINE('',#4510,#929);
#690=LINE('',#4511,#930);
#691=LINE('',#4512,#931);
#692=LINE('',#4513,#932);
#693=LINE('',#4515,#933);
#694=LINE('',#4516,#934);
#695=LINE('',#4530,#935);
#696=LINE('',#4531,#936);
#697=LINE('',#4543,#937);
#698=LINE('',#4546,#938);
#699=LINE('',#4548,#939);
#700=LINE('',#4549,#940);
#701=LINE('',#4552,#941);
#702=LINE('',#4554,#942);
#703=LINE('',#4555,#943);
#704=LINE('',#4562,#944);
#705=LINE('',#4571,#945);
#706=LINE('',#4572,#946);
#707=LINE('',#4578,#947);
#708=LINE('',#4579,#948);
#709=LINE('',#4583,#949);
#710=LINE('',#4585,#950);
#711=LINE('',#4586,#951);
#712=LINE('',#4588,#952);
#713=LINE('',#4589,#953);
#714=LINE('',#4591,#954);
#715=LINE('',#4592,#955);
#716=LINE('',#4599,#956);
#717=LINE('',#4608,#957);
#718=LINE('',#4614,#958);
#719=LINE('',#4616,#959);
#720=LINE('',#4625,#960);
#721=LINE('',#4629,#961);
#722=LINE('',#4633,#962);
#723=LINE('',#4636,#963);
#724=LINE('',#4640,#964);
#725=LINE('',#4642,#965);
#726=LINE('',#4644,#966);
#727=LINE('',#4646,#967);
#728=LINE('',#4648,#968);
#729=LINE('',#4653,#969);
#730=LINE('',#4656,#970);
#731=LINE('',#4659,#971);
#732=LINE('',#4660,#972);
#733=LINE('',#4663,#973);
#734=LINE('',#4667,#974);
#735=LINE('',#4668,#975);
#736=LINE('',#4671,#976);
#737=LINE('',#4675,#977);
#738=LINE('',#4679,#978);
#739=LINE('',#4681,#979);
#740=LINE('',#4682,#980);
#741=LINE('',#4687,#981);
#742=LINE('',#4692,#982);
#743=LINE('',#4693,#983);
#744=LINE('',#4694,#984);
#745=LINE('',#4699,#985);
#746=LINE('',#4703,#986);
#747=LINE('',#4704,#987);
#748=LINE('',#4705,#988);
#749=LINE('',#4708,#989);
#750=LINE('',#4712,#990);
#751=LINE('',#4713,#991);
#752=LINE('',#4717,#992);
#753=LINE('',#4718,#993);
#754=LINE('',#4720,#994);
#755=LINE('',#4728,#995);
#756=LINE('',#4729,#996);
#757=LINE('',#4731,#997);
#758=LINE('',#4733,#998);
#759=LINE('',#4736,#999);
#760=LINE('',#4738,#1000);
#761=LINE('',#4743,#1001);
#762=LINE('',#4745,#1002);
#763=LINE('',#4747,#1003);
#764=LINE('',#4748,#1004);
#765=LINE('',#4751,#1005);
#766=LINE('',#4753,#1006);
#767=LINE('',#4754,#1007);
#768=LINE('',#4757,#1008);
#769=LINE('',#4759,#1009);
#770=LINE('',#4760,#1010);
#771=LINE('',#4765,#1011);
#772=LINE('',#4767,#1012);
#773=LINE('',#4768,#1013);
#774=LINE('',#4771,#1014);
#775=LINE('',#4773,#1015);
#776=LINE('',#4774,#1016);
#777=LINE('',#4776,#1017);
#778=LINE('',#4777,#1018);
#779=LINE('',#4784,#1019);
#780=LINE('',#4789,#1020);
#781=LINE('',#4790,#1021);
#782=LINE('',#4791,#1022);
#783=LINE('',#4798,#1023);
#784=LINE('',#4802,#1024);
#785=LINE('',#4806,#1025);
#786=LINE('',#4809,#1026);
#787=LINE('',#4822,#1027);
#788=LINE('',#4831,#1028);
#789=LINE('',#4840,#1029);
#790=LINE('',#4849,#1030);
#791=LINE('',#4857,#1031);
#792=LINE('',#4861,#1032);
#793=LINE('',#4866,#1033);
#794=LINE('',#4867,#1034);
#795=LINE('',#4868,#1035);
#796=LINE('',#4872,#1036);
#797=LINE('',#4878,#1037);
#798=LINE('',#4879,#1038);
#799=LINE('',#4880,#1039);
#800=LINE('',#4884,#1040);
#801=LINE('',#4890,#1041);
#802=LINE('',#4891,#1042);
#803=LINE('',#4892,#1043);
#804=LINE('',#4896,#1044);
#805=LINE('',#4900,#1045);
#806=LINE('',#4901,#1046);
#807=LINE('',#4904,#1047);
#808=LINE('',#4906,#1048);
#809=LINE('',#4907,#1049);
#810=LINE('',#4910,#1050);
#811=LINE('',#4914,#1051);
#812=LINE('',#4915,#1052);
#813=LINE('',#4918,#1053);
#814=LINE('',#4926,#1054);
#815=LINE('',#4928,#1055);
#816=LINE('',#4931,#1056);
#817=LINE('',#4935,#1057);
#818=LINE('',#4939,#1058);
#819=LINE('',#4943,#1059);
#820=LINE('',#4946,#1060);
#821=LINE('',#4947,#1061);
#822=LINE('',#4950,#1062);
#823=LINE('',#4953,#1063);
#824=LINE('',#4955,#1064);
#825=LINE('',#4957,#1065);
#826=LINE('',#4959,#1066);
#827=LINE('',#4961,#1067);
#828=LINE('',#4962,#1068);
#829=LINE('',#4964,#1069);
#830=LINE('',#4966,#1070);
#831=LINE('',#4968,#1071);
#832=LINE('',#4970,#1072);
#833=LINE('',#4972,#1073);
#834=LINE('',#4974,#1074);
#835=VECTOR('',#3225,2.5);
#836=VECTOR('',#3228,2.5);
#837=VECTOR('',#3235,4.);
#838=VECTOR('',#3242,2.5);
#839=VECTOR('',#3253,2.5);
#840=VECTOR('',#3264,2.5);
#841=VECTOR('',#3275,2.65);
#842=VECTOR('',#3284,1.5);
#843=VECTOR('',#3289,1.49999999999999);
#844=VECTOR('',#3294,1.5);
#845=VECTOR('',#3299,1.5);
#846=VECTOR('',#3306,1.75);
#847=VECTOR('',#3315,1.75);
#848=VECTOR('',#3322,10.);
#849=VECTOR('',#3325,10.);
#850=VECTOR('',#3330,10.);
#851=VECTOR('',#3331,10.);
#852=VECTOR('',#3332,10.);
#853=VECTOR('',#3335,10.);
#854=VECTOR('',#3342,10.);
#855=VECTOR('',#3343,10.);
#856=VECTOR('',#3344,10.);
#857=VECTOR('',#3347,10.);
#858=VECTOR('',#3354,10.);
#859=VECTOR('',#3355,10.);
#860=VECTOR('',#3356,10.);
#861=VECTOR('',#3359,10.);
#862=VECTOR('',#3366,10.);
#863=VECTOR('',#3367,10.);
#864=VECTOR('',#3370,10.);
#865=VECTOR('',#3371,10.);
#866=VECTOR('',#3372,10.);
#867=VECTOR('',#3375,10.);
#868=VECTOR('',#3380,10.);
#869=VECTOR('',#3381,10.);
#870=VECTOR('',#3384,10.);
#871=VECTOR('',#3403,20.);
#872=VECTOR('',#3412,12.5);
#873=VECTOR('',#3417,10.);
#874=VECTOR('',#3418,10.);
#875=VECTOR('',#3421,10.);
#876=VECTOR('',#3426,10.);
#877=VECTOR('',#3427,10.);
#878=VECTOR('',#3438,10.);
#879=VECTOR('',#3439,10.);
#880=VECTOR('',#3440,10.);
#881=VECTOR('',#3441,10.);
#882=VECTOR('',#3446,10.);
#883=VECTOR('',#3451,10.);
#884=VECTOR('',#3452,10.);
#885=VECTOR('',#3453,10.);
#886=VECTOR('',#3458,10.);
#887=VECTOR('',#3463,10.);
#888=VECTOR('',#3464,10.);
#889=VECTOR('',#3465,10.);
#890=VECTOR('',#3470,10.);
#891=VECTOR('',#3475,10.);
#892=VECTOR('',#3476,10.);
#893=VECTOR('',#3477,10.);
#894=VECTOR('',#3490,10.);
#895=VECTOR('',#3491,10.);
#896=VECTOR('',#3494,10.);
#897=VECTOR('',#3495,10.);
#898=VECTOR('',#3496,10.);
#899=VECTOR('',#3499,10.);
#900=VECTOR('',#3500,10.);
#901=VECTOR('',#3501,10.);
#902=VECTOR('',#3502,10.);
#903=VECTOR('',#3503,10.);
#904=VECTOR('',#3506,10.);
#905=VECTOR('',#3507,10.);
#906=VECTOR('',#3508,10.);
#907=VECTOR('',#3511,10.);
#908=VECTOR('',#3512,10.);
#909=VECTOR('',#3513,10.);
#910=VECTOR('',#3520,10.);
#911=VECTOR('',#3521,10.);
#912=VECTOR('',#3522,10.);
#913=VECTOR('',#3523,10.);
#914=VECTOR('',#3526,10.);
#915=VECTOR('',#3531,10.);
#916=VECTOR('',#3532,10.);
#917=VECTOR('',#3533,10.);
#918=VECTOR('',#3536,10.);
#919=VECTOR('',#3545,10.);
#920=VECTOR('',#3546,10.);
#921=VECTOR('',#3549,10.);
#922=VECTOR('',#3550,10.);
#923=VECTOR('',#3551,10.);
#924=VECTOR('',#3554,10.);
#925=VECTOR('',#3563,10.);
#926=VECTOR('',#3564,10.);
#927=VECTOR('',#3567,10.);
#928=VECTOR('',#3568,10.);
#929=VECTOR('',#3569,10.);
#930=VECTOR('',#3570,10.);
#931=VECTOR('',#3571,10.);
#932=VECTOR('',#3572,10.);
#933=VECTOR('',#3573,10.);
#934=VECTOR('',#3574,10.);
#935=VECTOR('',#3595,10.);
#936=VECTOR('',#3596,10.);
#937=VECTOR('',#3609,10.);
#938=VECTOR('',#3612,10.);
#939=VECTOR('',#3613,10.);
#940=VECTOR('',#3614,10.);
#941=VECTOR('',#3617,10.);
#942=VECTOR('',#3618,10.);
#943=VECTOR('',#3619,10.);
#944=VECTOR('',#3628,10.);
#945=VECTOR('',#3637,10.);
#946=VECTOR('',#3638,10.);
#947=VECTOR('',#3643,10.);
#948=VECTOR('',#3644,10.);
#949=VECTOR('',#3649,10.);
#950=VECTOR('',#3652,10.);
#951=VECTOR('',#3653,10.);
#952=VECTOR('',#3656,10.);
#953=VECTOR('',#3657,10.);
#954=VECTOR('',#3660,10.);
#955=VECTOR('',#3661,10.);
#956=VECTOR('',#3670,2.65);
#957=VECTOR('',#3681,2.65);
#958=VECTOR('',#3690,1.75);
#959=VECTOR('',#3693,1.75);
#960=VECTOR('',#3704,10.);
#961=VECTOR('',#3707,10.);
#962=VECTOR('',#3710,10.);
#963=VECTOR('',#3713,10.);
#964=VECTOR('',#3718,4.);
#965=VECTOR('',#3721,0.5);
#966=VECTOR('',#3724,0.5);
#967=VECTOR('',#3727,0.500000000000007);
#968=VECTOR('',#3730,0.500000000000007);
#969=VECTOR('',#3737,10.);
#970=VECTOR('',#3740,10.);
#971=VECTOR('',#3743,10.);
#972=VECTOR('',#3744,10.);
#973=VECTOR('',#3747,10.);
#974=VECTOR('',#3752,10.);
#975=VECTOR('',#3753,10.);
#976=VECTOR('',#3754,10.);
#977=VECTOR('',#3757,10.);
#978=VECTOR('',#3762,10.);
#979=VECTOR('',#3763,10.);
#980=VECTOR('',#3764,10.);
#981=VECTOR('',#3769,10.);
#982=VECTOR('',#3774,10.);
#983=VECTOR('',#3775,10.);
#984=VECTOR('',#3776,10.);
#985=VECTOR('',#3781,10.);
#986=VECTOR('',#3786,10.);
#987=VECTOR('',#3787,10.);
#988=VECTOR('',#3788,10.);
#989=VECTOR('',#3791,10.);
#990=VECTOR('',#3796,10.);
#991=VECTOR('',#3797,10.);
#992=VECTOR('',#3804,10.);
#993=VECTOR('',#3805,10.);
#994=VECTOR('',#3808,10.);
#995=VECTOR('',#3819,10.);
#996=VECTOR('',#3820,10.);
#997=VECTOR('',#3823,10.);
#998=VECTOR('',#3826,10.);
#999=VECTOR('',#3831,1.75);
#1000=VECTOR('',#3834,1.75);
#1001=VECTOR('',#3839,10.);
#1002=VECTOR('',#3840,10.);
#1003=VECTOR('',#3841,10.);
#1004=VECTOR('',#3842,10.);
#1005=VECTOR('',#3845,10.);
#1006=VECTOR('',#3846,10.);
#1007=VECTOR('',#3847,10.);
#1008=VECTOR('',#3850,10.);
#1009=VECTOR('',#3851,10.);
#1010=VECTOR('',#3852,10.);
#1011=VECTOR('',#3859,10.);
#1012=VECTOR('',#3860,10.);
#1013=VECTOR('',#3861,10.);
#1014=VECTOR('',#3864,10.);
#1015=VECTOR('',#3865,10.);
#1016=VECTOR('',#3866,10.);
#1017=VECTOR('',#3869,10.);
#1018=VECTOR('',#3870,10.);
#1019=VECTOR('',#3879,27.5);
#1020=VECTOR('',#3886,30.);
#1021=VECTOR('',#3887,10.);
#1022=VECTOR('',#3888,10.);
#1023=VECTOR('',#3895,10.);
#1024=VECTOR('',#3898,10.);
#1025=VECTOR('',#3901,10.);
#1026=VECTOR('',#3904,10.);
#1027=VECTOR('',#3917,2.);
#1028=VECTOR('',#3928,1.99999999999999);
#1029=VECTOR('',#3939,1.99999999999999);
#1030=VECTOR('',#3950,2.);
#1031=VECTOR('',#3959,10.);
#1032=VECTOR('',#3962,10.);
#1033=VECTOR('',#3967,10.);
#1034=VECTOR('',#3968,10.);
#1035=VECTOR('',#3969,10.);
#1036=VECTOR('',#3972,10.);
#1037=VECTOR('',#3979,10.);
#1038=VECTOR('',#3980,10.);
#1039=VECTOR('',#3981,10.);
#1040=VECTOR('',#3984,10.);
#1041=VECTOR('',#3991,10.);
#1042=VECTOR('',#3992,10.);
#1043=VECTOR('',#3993,10.);
#1044=VECTOR('',#3996,10.);
#1045=VECTOR('',#4003,10.);
#1046=VECTOR('',#4004,10.);
#1047=VECTOR('',#4007,10.);
#1048=VECTOR('',#4008,10.);
#1049=VECTOR('',#4009,10.);
#1050=VECTOR('',#4012,10.);
#1051=VECTOR('',#4017,10.);
#1052=VECTOR('',#4018,10.);
#1053=VECTOR('',#4021,10.);
#1054=VECTOR('',#4030,10.);
#1055=VECTOR('',#4033,10.);
#1056=VECTOR('',#4034,10.);
#1057=VECTOR('',#4037,10.);
#1058=VECTOR('',#4040,10.);
#1059=VECTOR('',#4043,10.);
#1060=VECTOR('',#4048,10.);
#1061=VECTOR('',#4049,10.);
#1062=VECTOR('',#4054,10.);
#1063=VECTOR('',#4059,0.500000000000007);
#1064=VECTOR('',#4062,0.5);
#1065=VECTOR('',#4065,0.500000000000007);
#1066=VECTOR('',#4068,0.5);
#1067=VECTOR('',#4071,10.);
#1068=VECTOR('',#4072,10.);
#1069=VECTOR('',#4075,10.);
#1070=VECTOR('',#4078,10.);
#1071=VECTOR('',#4081,10.);
#1072=VECTOR('',#4084,10.);
#1073=VECTOR('',#4087,10.);
#1074=VECTOR('',#4090,10.);
#1075=CIRCLE('',#2899,2.5);
#1076=CIRCLE('',#2901,2.5);
#1077=CIRCLE('',#2903,4.);
#1078=CIRCLE('',#2904,4.);
#1079=CIRCLE('',#2906,2.5);
#1080=CIRCLE('',#2907,2.5);
#1081=CIRCLE('',#2909,1.5);
#1082=CIRCLE('',#2911,2.5);
#1083=CIRCLE('',#2912,2.5);
#1084=CIRCLE('',#2914,1.49999999999999);
#1085=CIRCLE('',#2916,2.5);
#1086=CIRCLE('',#2917,2.5);
#1087=CIRCLE('',#2919,1.5);
#1088=CIRCLE('',#2921,2.65);
#1089=CIRCLE('',#2922,2.65);
#1090=CIRCLE('',#2924,1.5);
#1091=CIRCLE('',#2926,1.5);
#1092=CIRCLE('',#2928,1.49999999999999);
#1093=CIRCLE('',#2930,1.5);
#1094=CIRCLE('',#2932,1.5);
#1095=CIRCLE('',#2934,1.75);
#1096=CIRCLE('',#2935,1.75);
#1097=CIRCLE('',#2938,1.75);
#1098=CIRCLE('',#2939,1.75);
#1099=CIRCLE('',#2942,6.99999999999999);
#1100=CIRCLE('',#2943,9.99999999999999);
#1101=CIRCLE('',#2946,6.99999999999999);
#1102=CIRCLE('',#2947,9.99999999999999);
#1103=CIRCLE('',#2950,6.99999999999999);
#1104=CIRCLE('',#2951,9.99999999999999);
#1105=CIRCLE('',#2954,6.99999999999998);
#1106=CIRCLE('',#2955,9.99999999999998);
#1107=CIRCLE('',#2959,9.99999999999999);
#1108=CIRCLE('',#2962,9.99999999999999);
#1109=CIRCLE('',#2964,20.);
#1110=CIRCLE('',#2966,17.);
#1111=CIRCLE('',#2967,3.);
#1112=CIRCLE('',#2968,20.);
#1113=CIRCLE('',#2969,20.);
#1114=CIRCLE('',#2972,12.5);
#1115=CIRCLE('',#2974,12.5);
#1116=CIRCLE('',#2978,9.99999999999998);
#1117=CIRCLE('',#2981,9.99999999999999);
#1118=CIRCLE('',#2986,5.);
#1119=CIRCLE('',#2987,5.);
#1120=CIRCLE('',#2990,5.);
#1121=CIRCLE('',#2991,5.);
#1122=CIRCLE('',#2994,5.00000000000002);
#1123=CIRCLE('',#2995,5.00000000000002);
#1124=CIRCLE('',#2998,5.);
#1125=CIRCLE('',#2999,5.);
#1126=CIRCLE('',#3001,0.5);
#1127=CIRCLE('',#3002,0.500000000000007);
#1128=CIRCLE('',#3003,2.99999999999999);
#1129=CIRCLE('',#3004,3.);
#1130=CIRCLE('',#3005,3.);
#1131=CIRCLE('',#3006,3.00000000000001);
#1132=CIRCLE('',#3007,0.500000000000007);
#1133=CIRCLE('',#3008,0.5);
#1134=CIRCLE('',#3010,8.5);
#1135=CIRCLE('',#3011,8.5);
#1136=CIRCLE('',#3014,3.);
#1137=CIRCLE('',#3015,3.);
#1138=CIRCLE('',#3016,3.);
#1139=CIRCLE('',#3020,2.99999999999999);
#1140=CIRCLE('',#3021,2.99999999999999);
#1141=CIRCLE('',#3022,2.99999999999999);
#1142=CIRCLE('',#3026,0.500000000000007);
#1143=CIRCLE('',#3029,0.5);
#1144=CIRCLE('',#3035,1.75);
#1145=CIRCLE('',#3036,1.75);
#1146=CIRCLE('',#3037,4.);
#1147=CIRCLE('',#3038,1.75);
#1148=CIRCLE('',#3039,1.75);
#1149=CIRCLE('',#3044,0.5);
#1150=CIRCLE('',#3046,3.);
#1151=CIRCLE('',#3048,0.500000000000007);
#1152=CIRCLE('',#3050,3.00000000000001);
#1153=CIRCLE('',#3052,3.00000000000001);
#1154=CIRCLE('',#3054,3.);
#1155=CIRCLE('',#3059,3.00000000000001);
#1156=CIRCLE('',#3061,2.65);
#1157=CIRCLE('',#3062,2.65);
#1158=CIRCLE('',#3064,1.75);
#1159=CIRCLE('',#3066,2.65);
#1160=CIRCLE('',#3067,2.65);
#1161=CIRCLE('',#3069,1.75);
#1162=CIRCLE('',#3074,3.);
#1163=CIRCLE('',#3076,10.);
#1164=CIRCLE('',#3077,10.);
#1165=CIRCLE('',#3078,10.);
#1166=CIRCLE('',#3079,10.);
#1167=CIRCLE('',#3081,4.);
#1168=CIRCLE('',#3089,10.);
#1169=CIRCLE('',#3092,10.);
#1170=CIRCLE('',#3094,8.5);
#1171=CIRCLE('',#3095,8.5);
#1172=CIRCLE('',#3098,10.);
#1173=CIRCLE('',#3099,7.);
#1174=CIRCLE('',#3102,10.);
#1175=CIRCLE('',#3103,7.00000000000001);
#1176=CIRCLE('',#3106,7.00000000000001);
#1177=CIRCLE('',#3109,6.99999999999999);
#1178=CIRCLE('',#3114,1.75);
#1179=CIRCLE('',#3115,1.75);
#1180=CIRCLE('',#3127,30.);
#1181=CIRCLE('',#3132,30.);
#1182=CIRCLE('',#3134,27.5);
#1183=CIRCLE('',#3135,27.5);
#1184=CIRCLE('',#3137,30.);
#1185=CIRCLE('',#3140,5.);
#1186=CIRCLE('',#3141,5.);
#1187=CIRCLE('',#3142,4.99999999999999);
#1188=CIRCLE('',#3143,5.00000000000002);
#1189=CIRCLE('',#3144,0.500000000000007);
#1190=CIRCLE('',#3145,0.5);
#1191=CIRCLE('',#3146,0.500000000000007);
#1192=CIRCLE('',#3147,0.5);
#1193=CIRCLE('',#3149,2.);
#1194=CIRCLE('',#3150,2.);
#1195=CIRCLE('',#3152,0.5);
#1196=CIRCLE('',#3154,1.99999999999999);
#1197=CIRCLE('',#3155,1.99999999999999);
#1198=CIRCLE('',#3157,0.500000000000007);
#1199=CIRCLE('',#3159,1.99999999999999);
#1200=CIRCLE('',#3160,1.99999999999999);
#1201=CIRCLE('',#3162,0.500000000000007);
#1202=CIRCLE('',#3164,2.);
#1203=CIRCLE('',#3165,2.);
#1204=CIRCLE('',#3167,0.5);
#1205=CIRCLE('',#3169,7.00000000000001);
#1206=CIRCLE('',#3170,10.);
#1207=CIRCLE('',#3173,6.99999999999999);
#1208=CIRCLE('',#3174,9.99999999999999);
#1209=CIRCLE('',#3177,6.99999999999999);
#1210=CIRCLE('',#3178,9.99999999999999);
#1211=CIRCLE('',#3181,7.00000000000001);
#1212=CIRCLE('',#3182,10.);
#1213=CIRCLE('',#3186,9.99999999999999);
#1214=CIRCLE('',#3189,10.);
#1215=CIRCLE('',#3192,10.);
#1216=CIRCLE('',#3193,9.99999999999999);
#1217=CIRCLE('',#3194,5.);
#1218=CIRCLE('',#3195,5.00000000000002);
#1219=CIRCLE('',#3196,4.99999999999999);
#1220=CIRCLE('',#3197,5.);
#1221=VERTEX_POINT('',#4102);
#1222=VERTEX_POINT('',#4104);
#1223=VERTEX_POINT('',#4106);
#1224=VERTEX_POINT('',#4144);
#1225=VERTEX_POINT('',#4145);
#1226=VERTEX_POINT('',#4182);
#1227=VERTEX_POINT('',#4186);
#1228=VERTEX_POINT('',#4188);
#1229=VERTEX_POINT('',#4192);
#1230=VERTEX_POINT('',#4194);
#1231=VERTEX_POINT('',#4198);
#1232=VERTEX_POINT('',#4201);
#1233=VERTEX_POINT('',#4203);
#1234=VERTEX_POINT('',#4207);
#1235=VERTEX_POINT('',#4210);
#1236=VERTEX_POINT('',#4212);
#1237=VERTEX_POINT('',#4216);
#1238=VERTEX_POINT('',#4219);
#1239=VERTEX_POINT('',#4221);
#1240=VERTEX_POINT('',#4225);
#1241=VERTEX_POINT('',#4228);
#1242=VERTEX_POINT('',#4232);
#1243=VERTEX_POINT('',#4236);
#1244=VERTEX_POINT('',#4240);
#1245=VERTEX_POINT('',#4244);
#1246=VERTEX_POINT('',#4246);
#1247=VERTEX_POINT('',#4251);
#1248=VERTEX_POINT('',#4253);
#1249=VERTEX_POINT('',#4258);
#1250=VERTEX_POINT('',#4259);
#1251=VERTEX_POINT('',#4261);
#1252=VERTEX_POINT('',#4263);
#1253=VERTEX_POINT('',#4267);
#1254=VERTEX_POINT('',#4268);
#1255=VERTEX_POINT('',#4273);
#1256=VERTEX_POINT('',#4274);
#1257=VERTEX_POINT('',#4279);
#1258=VERTEX_POINT('',#4280);
#1259=VERTEX_POINT('',#4285);
#1260=VERTEX_POINT('',#4286);
#1261=VERTEX_POINT('',#4291);
#1262=VERTEX_POINT('',#4292);
#1263=VERTEX_POINT('',#4297);
#1264=VERTEX_POINT('',#4298);
#1265=VERTEX_POINT('',#4306);
#1266=VERTEX_POINT('',#4308);
#1267=VERTEX_POINT('',#4312);
#1268=VERTEX_POINT('',#4316);
#1269=VERTEX_POINT('',#4320);
#1270=VERTEX_POINT('',#4324);
#1271=VERTEX_POINT('',#4327);
#1272=VERTEX_POINT('',#4329);
#1273=VERTEX_POINT('',#4331);
#1274=VERTEX_POINT('',#4337);
#1275=VERTEX_POINT('',#4340);
#1276=VERTEX_POINT('',#4345);
#1277=VERTEX_POINT('',#4349);
#1278=VERTEX_POINT('',#4353);
#1279=VERTEX_POINT('',#4361);
#1280=VERTEX_POINT('',#4362);
#1281=VERTEX_POINT('',#4364);
#1282=VERTEX_POINT('',#4366);
#1283=VERTEX_POINT('',#4370);
#1284=VERTEX_POINT('',#4372);
#1285=VERTEX_POINT('',#4376);
#1286=VERTEX_POINT('',#4378);
#1287=VERTEX_POINT('',#4382);
#1288=VERTEX_POINT('',#4384);
#1289=VERTEX_POINT('',#4388);
#1290=VERTEX_POINT('',#4390);
#1291=VERTEX_POINT('',#4394);
#1292=VERTEX_POINT('',#4396);
#1293=VERTEX_POINT('',#4400);
#1294=VERTEX_POINT('',#4402);
#1295=VERTEX_POINT('',#4409);
#1296=VERTEX_POINT('',#4411);
#1297=VERTEX_POINT('',#4413);
#1298=VERTEX_POINT('',#4414);
#1299=VERTEX_POINT('',#4416);
#1300=VERTEX_POINT('',#4418);
#1301=VERTEX_POINT('',#4420);
#1302=VERTEX_POINT('',#4422);
#1303=VERTEX_POINT('',#4424);
#1304=VERTEX_POINT('',#4426);
#1305=VERTEX_POINT('',#4428);
#1306=VERTEX_POINT('',#4430);
#1307=VERTEX_POINT('',#4432);
#1308=VERTEX_POINT('',#4434);
#1309=VERTEX_POINT('',#4436);
#1310=VERTEX_POINT('',#4438);
#1311=VERTEX_POINT('',#4440);
#1312=VERTEX_POINT('',#4442);
#1313=VERTEX_POINT('',#4444);
#1314=VERTEX_POINT('',#4446);
#1315=VERTEX_POINT('',#4448);
#1316=VERTEX_POINT('',#4450);
#1317=VERTEX_POINT('',#4453);
#1318=VERTEX_POINT('',#4455);
#1319=VERTEX_POINT('',#4458);
#1320=VERTEX_POINT('',#4460);
#1321=VERTEX_POINT('',#4463);
#1322=VERTEX_POINT('',#4464);
#1323=VERTEX_POINT('',#4466);
#1324=VERTEX_POINT('',#4468);
#1325=VERTEX_POINT('',#4472);
#1326=VERTEX_POINT('',#4474);
#1327=VERTEX_POINT('',#4478);
#1328=VERTEX_POINT('',#4480);
#1329=VERTEX_POINT('',#4482);
#1330=VERTEX_POINT('',#4486);
#1331=VERTEX_POINT('',#4490);
#1332=VERTEX_POINT('',#4492);
#1333=VERTEX_POINT('',#4496);
#1334=VERTEX_POINT('',#4498);
#1335=VERTEX_POINT('',#4500);
#1336=VERTEX_POINT('',#4504);
#1337=VERTEX_POINT('',#4514);
#1338=VERTEX_POINT('',#4518);
#1339=VERTEX_POINT('',#4522);
#1340=VERTEX_POINT('',#4529);
#1341=VERTEX_POINT('',#4532);
#1342=VERTEX_POINT('',#4534);
#1343=VERTEX_POINT('',#4536);
#1344=VERTEX_POINT('',#4538);
#1345=VERTEX_POINT('',#4540);
#1346=VERTEX_POINT('',#4545);
#1347=VERTEX_POINT('',#4547);
#1348=VERTEX_POINT('',#4551);
#1349=VERTEX_POINT('',#4553);
#1350=VERTEX_POINT('',#4557);
#1351=VERTEX_POINT('',#4560);
#1352=VERTEX_POINT('',#4564);
#1353=VERTEX_POINT('',#4567);
#1354=VERTEX_POINT('',#4568);
#1355=VERTEX_POINT('',#4570);
#1356=VERTEX_POINT('',#4574);
#1357=VERTEX_POINT('',#4575);
#1358=VERTEX_POINT('',#4577);
#1359=VERTEX_POINT('',#4581);
#1360=VERTEX_POINT('',#4596);
#1361=VERTEX_POINT('',#4598);
#1362=VERTEX_POINT('',#4602);
#1363=VERTEX_POINT('',#4605);
#1364=VERTEX_POINT('',#4607);
#1365=VERTEX_POINT('',#4611);
#1366=VERTEX_POINT('',#4621);
#1367=VERTEX_POINT('',#4622);
#1368=VERTEX_POINT('',#4624);
#1369=VERTEX_POINT('',#4626);
#1370=VERTEX_POINT('',#4628);
#1371=VERTEX_POINT('',#4630);
#1372=VERTEX_POINT('',#4632);
#1373=VERTEX_POINT('',#4634);
#1374=VERTEX_POINT('',#4638);
#1375=VERTEX_POINT('',#4652);
#1376=VERTEX_POINT('',#4654);
#1377=VERTEX_POINT('',#4658);
#1378=VERTEX_POINT('',#4662);
#1379=VERTEX_POINT('',#4666);
#1380=VERTEX_POINT('',#4669);
#1381=VERTEX_POINT('',#4670);
#1382=VERTEX_POINT('',#4672);
#1383=VERTEX_POINT('',#4674);
#1384=VERTEX_POINT('',#4678);
#1385=VERTEX_POINT('',#4680);
#1386=VERTEX_POINT('',#4684);
#1387=VERTEX_POINT('',#4686);
#1388=VERTEX_POINT('',#4690);
#1389=VERTEX_POINT('',#4691);
#1390=VERTEX_POINT('',#4696);
#1391=VERTEX_POINT('',#4698);
#1392=VERTEX_POINT('',#4702);
#1393=VERTEX_POINT('',#4707);
#1394=VERTEX_POINT('',#4711);
#1395=VERTEX_POINT('',#4723);
#1396=VERTEX_POINT('',#4725);
#1397=VERTEX_POINT('',#4741);
#1398=VERTEX_POINT('',#4742);
#1399=VERTEX_POINT('',#4744);
#1400=VERTEX_POINT('',#4746);
#1401=VERTEX_POINT('',#4750);
#1402=VERTEX_POINT('',#4752);
#1403=VERTEX_POINT('',#4756);
#1404=VERTEX_POINT('',#4758);
#1405=VERTEX_POINT('',#4764);
#1406=VERTEX_POINT('',#4766);
#1407=VERTEX_POINT('',#4770);
#1408=VERTEX_POINT('',#4772);
#1409=VERTEX_POINT('',#4781);
#1410=VERTEX_POINT('',#4783);
#1411=VERTEX_POINT('',#4787);
#1412=VERTEX_POINT('',#4794);
#1413=VERTEX_POINT('',#4795);
#1414=VERTEX_POINT('',#4797);
#1415=VERTEX_POINT('',#4799);
#1416=VERTEX_POINT('',#4801);
#1417=VERTEX_POINT('',#4803);
#1418=VERTEX_POINT('',#4805);
#1419=VERTEX_POINT('',#4807);
#1420=VERTEX_POINT('',#4810);
#1421=VERTEX_POINT('',#4812);
#1422=VERTEX_POINT('',#4814);
#1423=VERTEX_POINT('',#4816);
#1424=VERTEX_POINT('',#4819);
#1425=VERTEX_POINT('',#4821);
#1426=VERTEX_POINT('',#4825);
#1427=VERTEX_POINT('',#4828);
#1428=VERTEX_POINT('',#4830);
#1429=VERTEX_POINT('',#4834);
#1430=VERTEX_POINT('',#4837);
#1431=VERTEX_POINT('',#4839);
#1432=VERTEX_POINT('',#4843);
#1433=VERTEX_POINT('',#4846);
#1434=VERTEX_POINT('',#4848);
#1435=VERTEX_POINT('',#4852);
#1436=VERTEX_POINT('',#4855);
#1437=VERTEX_POINT('',#4856);
#1438=VERTEX_POINT('',#4858);
#1439=VERTEX_POINT('',#4860);
#1440=VERTEX_POINT('',#4864);
#1441=VERTEX_POINT('',#4865);
#1442=VERTEX_POINT('',#4870);
#1443=VERTEX_POINT('',#4871);
#1444=VERTEX_POINT('',#4876);
#1445=VERTEX_POINT('',#4877);
#1446=VERTEX_POINT('',#4882);
#1447=VERTEX_POINT('',#4883);
#1448=VERTEX_POINT('',#4888);
#1449=VERTEX_POINT('',#4889);
#1450=VERTEX_POINT('',#4894);
#1451=VERTEX_POINT('',#4895);
#1452=VERTEX_POINT('',#4903);
#1453=VERTEX_POINT('',#4905);
#1454=VERTEX_POINT('',#4909);
#1455=VERTEX_POINT('',#4913);
#1456=VERTEX_POINT('',#4917);
#1457=VERTEX_POINT('',#4922);
#1458=VERTEX_POINT('',#4923);
#1459=VERTEX_POINT('',#4925);
#1460=VERTEX_POINT('',#4929);
#1461=VERTEX_POINT('',#4930);
#1462=VERTEX_POINT('',#4932);
#1463=VERTEX_POINT('',#4934);
#1464=VERTEX_POINT('',#4936);
#1465=VERTEX_POINT('',#4938);
#1466=VERTEX_POINT('',#4940);
#1467=VERTEX_POINT('',#4942);
#1468=EDGE_CURVE('',#1221,#1221,#1075,.T.);
#1469=EDGE_CURVE('',#1221,#1222,#595,.T.);
#1470=EDGE_CURVE('',#1223,#1222,#591,.T.);
#1471=EDGE_CURVE('',#1222,#1223,#592,.T.);
#1472=EDGE_CURVE('',#1224,#1225,#593,.T.);
#1473=EDGE_CURVE('',#1225,#1224,#594,.T.);
#1474=EDGE_CURVE('',#1225,#1226,#596,.T.);
#1475=EDGE_CURVE('',#1226,#1226,#1076,.T.);
#1476=EDGE_CURVE('',#1227,#1227,#1077,.T.);
#1477=EDGE_CURVE('',#1227,#1228,#597,.T.);
#1478=EDGE_CURVE('',#1228,#1228,#1078,.T.);
#1479=EDGE_CURVE('',#1229,#1229,#1079,.T.);
#1480=EDGE_CURVE('',#1229,#1230,#598,.T.);
#1481=EDGE_CURVE('',#1230,#1230,#1080,.T.);
#1482=EDGE_CURVE('',#1231,#1231,#1081,.T.);
#1483=EDGE_CURVE('',#1232,#1232,#1082,.T.);
#1484=EDGE_CURVE('',#1232,#1233,#599,.T.);
#1485=EDGE_CURVE('',#1233,#1233,#1083,.T.);
#1486=EDGE_CURVE('',#1234,#1234,#1084,.T.);
#1487=EDGE_CURVE('',#1235,#1235,#1085,.T.);
#1488=EDGE_CURVE('',#1235,#1236,#600,.T.);
#1489=EDGE_CURVE('',#1236,#1236,#1086,.T.);
#1490=EDGE_CURVE('',#1237,#1237,#1087,.T.);
#1491=EDGE_CURVE('',#1238,#1238,#1088,.T.);
#1492=EDGE_CURVE('',#1238,#1239,#601,.T.);
#1493=EDGE_CURVE('',#1239,#1239,#1089,.T.);
#1494=EDGE_CURVE('',#1240,#1240,#1090,.T.);
#1495=EDGE_CURVE('',#1237,#1241,#602,.T.);
#1496=EDGE_CURVE('',#1241,#1241,#1091,.T.);
#1497=EDGE_CURVE('',#1234,#1242,#603,.T.);
#1498=EDGE_CURVE('',#1242,#1242,#1092,.T.);
#1499=EDGE_CURVE('',#1231,#1243,#604,.T.);
#1500=EDGE_CURVE('',#1243,#1243,#1093,.T.);
#1501=EDGE_CURVE('',#1240,#1244,#605,.T.);
#1502=EDGE_CURVE('',#1244,#1244,#1094,.T.);
#1503=EDGE_CURVE('',#1245,#1245,#1095,.T.);
#1504=EDGE_CURVE('',#1245,#1246,#606,.T.);
#1505=EDGE_CURVE('',#1246,#1246,#1096,.T.);
#1506=EDGE_CURVE('',#1247,#1247,#1097,.T.);
#1507=EDGE_CURVE('',#1247,#1248,#607,.T.);
#1508=EDGE_CURVE('',#1248,#1248,#1098,.T.);
#1509=EDGE_CURVE('',#1249,#1250,#608,.T.);
#1510=EDGE_CURVE('',#1250,#1251,#1099,.T.);
#1511=EDGE_CURVE('',#1251,#1252,#609,.T.);
#1512=EDGE_CURVE('',#1252,#1249,#1100,.T.);
#1513=EDGE_CURVE('',#1253,#1254,#610,.T.);
#1514=EDGE_CURVE('',#1254,#1250,#611,.T.);
#1515=EDGE_CURVE('',#1249,#1253,#612,.T.);
#1516=EDGE_CURVE('',#1255,#1256,#613,.T.);
#1517=EDGE_CURVE('',#1256,#1254,#1101,.T.);
#1518=EDGE_CURVE('',#1253,#1255,#1102,.T.);
#1519=EDGE_CURVE('',#1257,#1258,#614,.T.);
#1520=EDGE_CURVE('',#1258,#1256,#615,.T.);
#1521=EDGE_CURVE('',#1255,#1257,#616,.T.);
#1522=EDGE_CURVE('',#1259,#1260,#617,.T.);
#1523=EDGE_CURVE('',#1260,#1258,#1103,.T.);
#1524=EDGE_CURVE('',#1257,#1259,#1104,.T.);
#1525=EDGE_CURVE('',#1261,#1262,#618,.T.);
#1526=EDGE_CURVE('',#1262,#1260,#619,.T.);
#1527=EDGE_CURVE('',#1259,#1261,#620,.T.);
#1528=EDGE_CURVE('',#1263,#1264,#621,.T.);
#1529=EDGE_CURVE('',#1264,#1262,#1105,.T.);
#1530=EDGE_CURVE('',#1261,#1263,#1106,.T.);
#1531=EDGE_CURVE('',#1251,#1264,#622,.T.);
#1532=EDGE_CURVE('',#1263,#1252,#623,.T.);
#1533=EDGE_CURVE('',#1265,#1255,#624,.T.);
#1534=EDGE_CURVE('',#1266,#1265,#625,.T.);
#1535=EDGE_CURVE('',#1266,#1257,#626,.T.);
#1536=EDGE_CURVE('',#1267,#1253,#627,.T.);
#1537=EDGE_CURVE('',#1267,#1265,#1107,.T.);
#1538=EDGE_CURVE('',#1268,#1249,#628,.T.);
#1539=EDGE_CURVE('',#1267,#1268,#629,.T.);
#1540=EDGE_CURVE('',#1269,#1252,#630,.T.);
#1541=EDGE_CURVE('',#1269,#1268,#1108,.T.);
#1542=EDGE_CURVE('',#1270,#1270,#1109,.T.);
#1543=EDGE_CURVE('',#1271,#1271,#1110,.T.);
#1544=EDGE_CURVE('',#1271,#1272,#1111,.T.);
#1545=EDGE_CURVE('',#1272,#1273,#1112,.T.);
#1546=EDGE_CURVE('',#1273,#1272,#1113,.T.);
#1547=EDGE_CURVE('',#1273,#1270,#631,.T.);
#1548=EDGE_CURVE('',#1274,#1274,#1114,.T.);
#1549=EDGE_CURVE('',#1275,#1275,#1115,.T.);
#1550=EDGE_CURVE('',#1275,#1274,#632,.T.);
#1551=EDGE_CURVE('',#1276,#1263,#633,.T.);
#1552=EDGE_CURVE('',#1269,#1276,#634,.T.);
#1553=EDGE_CURVE('',#1277,#1261,#635,.T.);
#1554=EDGE_CURVE('',#1277,#1276,#1116,.T.);
#1555=EDGE_CURVE('',#1278,#1259,#636,.T.);
#1556=EDGE_CURVE('',#1277,#1278,#637,.T.);
#1557=EDGE_CURVE('',#1266,#1278,#1117,.T.);
#1558=EDGE_CURVE('',#1279,#1280,#638,.T.);
#1559=EDGE_CURVE('',#1279,#1281,#639,.T.);
#1560=EDGE_CURVE('',#1281,#1282,#640,.T.);
#1561=EDGE_CURVE('',#1280,#1282,#641,.T.);
#1562=EDGE_CURVE('',#1283,#1279,#1118,.T.);
#1563=EDGE_CURVE('',#1283,#1284,#642,.T.);
#1564=EDGE_CURVE('',#1284,#1281,#1119,.T.);
#1565=EDGE_CURVE('',#1285,#1283,#643,.T.);
#1566=EDGE_CURVE('',#1285,#1286,#644,.T.);
#1567=EDGE_CURVE('',#1286,#1284,#645,.T.);
#1568=EDGE_CURVE('',#1287,#1285,#1120,.T.);
#1569=EDGE_CURVE('',#1287,#1288,#646,.T.);
#1570=EDGE_CURVE('',#1288,#1286,#1121,.T.);
#1571=EDGE_CURVE('',#1289,#1287,#647,.T.);
#1572=EDGE_CURVE('',#1289,#1290,#648,.T.);
#1573=EDGE_CURVE('',#1290,#1288,#649,.T.);
#1574=EDGE_CURVE('',#1291,#1289,#1122,.T.);
#1575=EDGE_CURVE('',#1291,#1292,#650,.T.);
#1576=EDGE_CURVE('',#1292,#1290,#1123,.T.);
#1577=EDGE_CURVE('',#1293,#1291,#651,.T.);
#1578=EDGE_CURVE('',#1293,#1294,#652,.T.);
#1579=EDGE_CURVE('',#1294,#1292,#653,.T.);
#1580=EDGE_CURVE('',#1280,#1293,#1124,.T.);
#1581=EDGE_CURVE('',#1282,#1294,#1125,.T.);
#1582=EDGE_CURVE('',#1295,#1295,#1126,.T.);
#1583=EDGE_CURVE('',#1296,#1296,#1127,.T.);
#1584=EDGE_CURVE('',#1297,#1298,#654,.T.);
#1585=EDGE_CURVE('',#1299,#1297,#655,.T.);
#1586=EDGE_CURVE('',#1300,#1299,#1128,.T.);
#1587=EDGE_CURVE('',#1301,#1300,#656,.T.);
#1588=EDGE_CURVE('',#1302,#1301,#657,.T.);
#1589=EDGE_CURVE('',#1303,#1302,#658,.T.);
#1590=EDGE_CURVE('',#1304,#1303,#1129,.T.);
#1591=EDGE_CURVE('',#1305,#1304,#659,.T.);
#1592=EDGE_CURVE('',#1306,#1305,#660,.T.);
#1593=EDGE_CURVE('',#1307,#1306,#661,.T.);
#1594=EDGE_CURVE('',#1308,#1307,#662,.T.);
#1595=EDGE_CURVE('',#1309,#1308,#663,.T.);
#1596=EDGE_CURVE('',#1310,#1309,#1130,.T.);
#1597=EDGE_CURVE('',#1311,#1310,#664,.T.);
#1598=EDGE_CURVE('',#1312,#1311,#665,.T.);
#1599=EDGE_CURVE('',#1313,#1312,#666,.T.);
#1600=EDGE_CURVE('',#1314,#1313,#1131,.T.);
#1601=EDGE_CURVE('',#1315,#1314,#667,.T.);
#1602=EDGE_CURVE('',#1316,#1315,#668,.T.);
#1603=EDGE_CURVE('',#1298,#1316,#669,.T.);
#1604=EDGE_CURVE('',#1317,#1317,#1132,.T.);
#1605=EDGE_CURVE('',#1318,#1318,#1133,.T.);
#1606=EDGE_CURVE('',#1306,#1319,#670,.T.);
#1607=EDGE_CURVE('',#1319,#1320,#671,.T.);
#1608=EDGE_CURVE('',#1320,#1307,#672,.T.);
#1609=EDGE_CURVE('',#1321,#1322,#673,.T.);
#1610=EDGE_CURVE('',#1322,#1323,#1134,.T.);
#1611=EDGE_CURVE('',#1323,#1324,#674,.T.);
#1612=EDGE_CURVE('',#1324,#1321,#1135,.T.);
#1613=EDGE_CURVE('',#1304,#1325,#675,.T.);
#1614=EDGE_CURVE('',#1325,#1326,#676,.T.);
#1615=EDGE_CURVE('',#1305,#1326,#677,.T.);
#1616=EDGE_CURVE('',#1327,#1303,#678,.T.);
#1617=EDGE_CURVE('',#1328,#1327,#1136,.T.);
#1618=EDGE_CURVE('',#1329,#1328,#1137,.T.);
#1619=EDGE_CURVE('',#1325,#1329,#1138,.T.);
#1620=EDGE_CURVE('',#1330,#1302,#679,.T.);
#1621=EDGE_CURVE('',#1327,#1330,#680,.T.);
#1622=EDGE_CURVE('',#1300,#1331,#681,.T.);
#1623=EDGE_CURVE('',#1331,#1332,#682,.T.);
#1624=EDGE_CURVE('',#1301,#1332,#683,.T.);
#1625=EDGE_CURVE('',#1333,#1299,#684,.T.);
#1626=EDGE_CURVE('',#1334,#1333,#1139,.T.);
#1627=EDGE_CURVE('',#1335,#1334,#1140,.T.);
#1628=EDGE_CURVE('',#1331,#1335,#1141,.T.);
#1629=EDGE_CURVE('',#1336,#1297,#685,.T.);
#1630=EDGE_CURVE('',#1333,#1336,#686,.T.);
#1631=EDGE_CURVE('',#1326,#1329,#687,.T.);
#1632=EDGE_CURVE('',#1328,#1329,#688,.T.);
#1633=EDGE_CURVE('',#1328,#1330,#689,.T.);
#1634=EDGE_CURVE('',#1332,#1335,#690,.T.);
#1635=EDGE_CURVE('',#1334,#1335,#691,.T.);
#1636=EDGE_CURVE('',#1334,#1336,#692,.T.);
#1637=EDGE_CURVE('',#1337,#1298,#693,.T.);
#1638=EDGE_CURVE('',#1319,#1337,#694,.T.);
#1639=EDGE_CURVE('',#1338,#1338,#1142,.T.);
#1640=EDGE_CURVE('',#1339,#1339,#1143,.T.);
#1641=EDGE_CURVE('',#1337,#1340,#695,.T.);
#1642=EDGE_CURVE('',#1340,#1320,#696,.T.);
#1643=EDGE_CURVE('',#1341,#1341,#1144,.T.);
#1644=EDGE_CURVE('',#1342,#1342,#1145,.T.);
#1645=EDGE_CURVE('',#1343,#1343,#1146,.T.);
#1646=EDGE_CURVE('',#1344,#1344,#1147,.T.);
#1647=EDGE_CURVE('',#1345,#1345,#1148,.T.);
#1648=EDGE_CURVE('',#1340,#1316,#697,.T.);
#1649=EDGE_CURVE('',#1310,#1346,#698,.T.);
#1650=EDGE_CURVE('',#1346,#1347,#699,.T.);
#1651=EDGE_CURVE('',#1311,#1347,#700,.T.);
#1652=EDGE_CURVE('',#1348,#1308,#701,.T.);
#1653=EDGE_CURVE('',#1349,#1348,#702,.T.);
#1654=EDGE_CURVE('',#1349,#1309,#703,.T.);
#1655=EDGE_CURVE('',#1350,#1350,#1149,.T.);
#1656=EDGE_CURVE('',#1351,#1349,#1150,.T.);
#1657=EDGE_CURVE('',#1351,#1348,#704,.T.);
#1658=EDGE_CURVE('',#1352,#1352,#1151,.T.);
#1659=EDGE_CURVE('',#1353,#1354,#1152,.T.);
#1660=EDGE_CURVE('',#1355,#1354,#705,.T.);
#1661=EDGE_CURVE('',#1353,#1355,#706,.T.);
#1662=EDGE_CURVE('',#1356,#1357,#1153,.T.);
#1663=EDGE_CURVE('',#1357,#1358,#707,.T.);
#1664=EDGE_CURVE('',#1356,#1358,#708,.T.);
#1665=EDGE_CURVE('',#1346,#1359,#1154,.T.);
#1666=EDGE_CURVE('',#1347,#1359,#709,.T.);
#1667=EDGE_CURVE('',#1358,#1312,#710,.T.);
#1668=EDGE_CURVE('',#1357,#1313,#711,.T.);
#1669=EDGE_CURVE('',#1314,#1353,#712,.T.);
#1670=EDGE_CURVE('',#1315,#1355,#713,.T.);
#1671=EDGE_CURVE('',#1356,#1354,#714,.T.);
#1672=EDGE_CURVE('',#1351,#1359,#715,.T.);
#1673=EDGE_CURVE('',#1354,#1356,#1155,.T.);
#1674=EDGE_CURVE('',#1360,#1360,#1156,.T.);
#1675=EDGE_CURVE('',#1360,#1361,#716,.T.);
#1676=EDGE_CURVE('',#1361,#1361,#1157,.T.);
#1677=EDGE_CURVE('',#1362,#1362,#1158,.T.);
#1678=EDGE_CURVE('',#1363,#1363,#1159,.T.);
#1679=EDGE_CURVE('',#1363,#1364,#717,.T.);
#1680=EDGE_CURVE('',#1364,#1364,#1160,.T.);
#1681=EDGE_CURVE('',#1365,#1365,#1161,.T.);
#1682=EDGE_CURVE('',#1362,#1341,#718,.T.);
#1683=EDGE_CURVE('',#1365,#1342,#719,.T.);
#1684=EDGE_CURVE('',#1359,#1351,#1162,.T.);
#1685=EDGE_CURVE('',#1366,#1367,#1163,.T.);
#1686=EDGE_CURVE('',#1368,#1366,#720,.T.);
#1687=EDGE_CURVE('',#1369,#1368,#1164,.T.);
#1688=EDGE_CURVE('',#1370,#1369,#721,.T.);
#1689=EDGE_CURVE('',#1371,#1370,#1165,.T.);
#1690=EDGE_CURVE('',#1372,#1371,#722,.T.);
#1691=EDGE_CURVE('',#1373,#1372,#1166,.T.);
#1692=EDGE_CURVE('',#1367,#1373,#723,.T.);
#1693=EDGE_CURVE('',#1374,#1374,#1167,.T.);
#1694=EDGE_CURVE('',#1374,#1343,#724,.T.);
#1695=EDGE_CURVE('',#1295,#1350,#725,.T.);
#1696=EDGE_CURVE('',#1318,#1339,#726,.T.);
#1697=EDGE_CURVE('',#1317,#1352,#727,.T.);
#1698=EDGE_CURVE('',#1296,#1338,#728,.T.);
#1699=EDGE_CURVE('',#1375,#1367,#729,.T.);
#1700=EDGE_CURVE('',#1376,#1375,#1168,.T.);
#1701=EDGE_CURVE('',#1376,#1366,#730,.T.);
#1702=EDGE_CURVE('',#1377,#1373,#731,.T.);
#1703=EDGE_CURVE('',#1375,#1377,#732,.T.);
#1704=EDGE_CURVE('',#1378,#1372,#733,.T.);
#1705=EDGE_CURVE('',#1377,#1378,#1169,.T.);
#1706=EDGE_CURVE('',#1379,#1371,#734,.T.);
#1707=EDGE_CURVE('',#1378,#1379,#735,.T.);
#1708=EDGE_CURVE('',#1380,#1381,#736,.T.);
#1709=EDGE_CURVE('',#1381,#1382,#1170,.T.);
#1710=EDGE_CURVE('',#1382,#1383,#737,.T.);
#1711=EDGE_CURVE('',#1383,#1380,#1171,.T.);
#1712=EDGE_CURVE('',#1379,#1384,#738,.T.);
#1713=EDGE_CURVE('',#1384,#1385,#739,.T.);
#1714=EDGE_CURVE('',#1385,#1378,#740,.T.);
#1715=EDGE_CURVE('',#1379,#1386,#1172,.T.);
#1716=EDGE_CURVE('',#1386,#1387,#741,.T.);
#1717=EDGE_CURVE('',#1387,#1384,#1173,.T.);
#1718=EDGE_CURVE('',#1388,#1389,#742,.T.);
#1719=EDGE_CURVE('',#1389,#1387,#743,.T.);
#1720=EDGE_CURVE('',#1386,#1388,#744,.T.);
#1721=EDGE_CURVE('',#1388,#1390,#1174,.T.);
#1722=EDGE_CURVE('',#1390,#1391,#745,.T.);
#1723=EDGE_CURVE('',#1391,#1389,#1175,.T.);
#1724=EDGE_CURVE('',#1376,#1392,#746,.T.);
#1725=EDGE_CURVE('',#1392,#1391,#747,.T.);
#1726=EDGE_CURVE('',#1390,#1376,#748,.T.);
#1727=EDGE_CURVE('',#1375,#1393,#749,.T.);
#1728=EDGE_CURVE('',#1393,#1392,#1176,.T.);
#1729=EDGE_CURVE('',#1377,#1394,#750,.T.);
#1730=EDGE_CURVE('',#1394,#1393,#751,.T.);
#1731=EDGE_CURVE('',#1385,#1394,#1177,.T.);
#1732=EDGE_CURVE('',#1390,#1368,#752,.T.);
#1733=EDGE_CURVE('',#1388,#1369,#753,.T.);
#1734=EDGE_CURVE('',#1386,#1370,#754,.T.);
#1735=EDGE_CURVE('',#1395,#1395,#1178,.T.);
#1736=EDGE_CURVE('',#1396,#1396,#1179,.T.);
#1737=EDGE_CURVE('',#1383,#1323,#755,.T.);
#1738=EDGE_CURVE('',#1382,#1324,#756,.T.);
#1739=EDGE_CURVE('',#1381,#1321,#757,.T.);
#1740=EDGE_CURVE('',#1380,#1322,#758,.T.);
#1741=EDGE_CURVE('',#1344,#1395,#759,.T.);
#1742=EDGE_CURVE('',#1345,#1396,#760,.T.);
#1743=EDGE_CURVE('',#1397,#1398,#761,.T.);
#1744=EDGE_CURVE('',#1397,#1399,#762,.T.);
#1745=EDGE_CURVE('',#1399,#1400,#763,.T.);
#1746=EDGE_CURVE('',#1398,#1400,#764,.T.);
#1747=EDGE_CURVE('',#1401,#1397,#765,.T.);
#1748=EDGE_CURVE('',#1401,#1402,#766,.T.);
#1749=EDGE_CURVE('',#1402,#1399,#767,.T.);
#1750=EDGE_CURVE('',#1403,#1401,#768,.T.);
#1751=EDGE_CURVE('',#1403,#1404,#769,.T.);
#1752=EDGE_CURVE('',#1404,#1402,#770,.T.);
#1753=EDGE_CURVE('',#1400,#1404,#1180,.T.);
#1754=EDGE_CURVE('',#1398,#1405,#771,.T.);
#1755=EDGE_CURVE('',#1400,#1406,#772,.T.);
#1756=EDGE_CURVE('',#1405,#1406,#773,.T.);
#1757=EDGE_CURVE('',#1407,#1403,#774,.T.);
#1758=EDGE_CURVE('',#1407,#1408,#775,.T.);
#1759=EDGE_CURVE('',#1408,#1404,#776,.T.);
#1760=EDGE_CURVE('',#1405,#1407,#777,.T.);
#1761=EDGE_CURVE('',#1406,#1408,#778,.T.);
#1762=EDGE_CURVE('',#1404,#1400,#1181,.T.);
#1763=EDGE_CURVE('',#1409,#1409,#1182,.T.);
#1764=EDGE_CURVE('',#1409,#1410,#779,.T.);
#1765=EDGE_CURVE('',#1410,#1410,#1183,.T.);
#1766=EDGE_CURVE('',#1411,#1411,#1184,.T.);
#1767=EDGE_CURVE('',#1411,#1398,#780,.T.);
#1768=EDGE_CURVE('',#1398,#1400,#781,.T.);
#1769=EDGE_CURVE('',#1403,#1404,#782,.T.);
#1770=EDGE_CURVE('',#1412,#1413,#1185,.T.);
#1771=EDGE_CURVE('',#1412,#1414,#783,.T.);
#1772=EDGE_CURVE('',#1415,#1414,#1186,.T.);
#1773=EDGE_CURVE('',#1415,#1416,#784,.T.);
#1774=EDGE_CURVE('',#1417,#1416,#1187,.T.);
#1775=EDGE_CURVE('',#1417,#1418,#785,.T.);
#1776=EDGE_CURVE('',#1419,#1418,#1188,.T.);
#1777=EDGE_CURVE('',#1419,#1413,#786,.T.);
#1778=EDGE_CURVE('',#1420,#1420,#1189,.T.);
#1779=EDGE_CURVE('',#1421,#1421,#1190,.T.);
#1780=EDGE_CURVE('',#1422,#1422,#1191,.T.);
#1781=EDGE_CURVE('',#1423,#1423,#1192,.T.);
#1782=EDGE_CURVE('',#1424,#1424,#1193,.T.);
#1783=EDGE_CURVE('',#1424,#1425,#787,.T.);
#1784=EDGE_CURVE('',#1425,#1425,#1194,.T.);
#1785=EDGE_CURVE('',#1426,#1426,#1195,.T.);
#1786=EDGE_CURVE('',#1427,#1427,#1196,.T.);
#1787=EDGE_CURVE('',#1427,#1428,#788,.T.);
#1788=EDGE_CURVE('',#1428,#1428,#1197,.T.);
#1789=EDGE_CURVE('',#1429,#1429,#1198,.T.);
#1790=EDGE_CURVE('',#1430,#1430,#1199,.T.);
#1791=EDGE_CURVE('',#1430,#1431,#789,.T.);
#1792=EDGE_CURVE('',#1431,#1431,#1200,.T.);
#1793=EDGE_CURVE('',#1432,#1432,#1201,.T.);
#1794=EDGE_CURVE('',#1433,#1433,#1202,.T.);
#1795=EDGE_CURVE('',#1433,#1434,#790,.T.);
#1796=EDGE_CURVE('',#1434,#1434,#1203,.T.);
#1797=EDGE_CURVE('',#1435,#1435,#1204,.T.);
#1798=EDGE_CURVE('',#1436,#1437,#791,.T.);
#1799=EDGE_CURVE('',#1437,#1438,#1205,.T.);
#1800=EDGE_CURVE('',#1438,#1439,#792,.T.);
#1801=EDGE_CURVE('',#1439,#1436,#1206,.T.);
#1802=EDGE_CURVE('',#1440,#1441,#793,.T.);
#1803=EDGE_CURVE('',#1441,#1437,#794,.T.);
#1804=EDGE_CURVE('',#1436,#1440,#795,.T.);
#1805=EDGE_CURVE('',#1442,#1443,#796,.T.);
#1806=EDGE_CURVE('',#1443,#1441,#1207,.T.);
#1807=EDGE_CURVE('',#1440,#1442,#1208,.T.);
#1808=EDGE_CURVE('',#1444,#1445,#797,.T.);
#1809=EDGE_CURVE('',#1445,#1443,#798,.T.);
#1810=EDGE_CURVE('',#1442,#1444,#799,.T.);
#1811=EDGE_CURVE('',#1446,#1447,#800,.T.);
#1812=EDGE_CURVE('',#1447,#1445,#1209,.T.);
#1813=EDGE_CURVE('',#1444,#1446,#1210,.T.);
#1814=EDGE_CURVE('',#1448,#1449,#801,.T.);
#1815=EDGE_CURVE('',#1449,#1447,#802,.T.);
#1816=EDGE_CURVE('',#1446,#1448,#803,.T.);
#1817=EDGE_CURVE('',#1450,#1451,#804,.T.);
#1818=EDGE_CURVE('',#1451,#1449,#1211,.T.);
#1819=EDGE_CURVE('',#1448,#1450,#1212,.T.);
#1820=EDGE_CURVE('',#1438,#1451,#805,.T.);
#1821=EDGE_CURVE('',#1450,#1439,#806,.T.);
#1822=EDGE_CURVE('',#1452,#1442,#807,.T.);
#1823=EDGE_CURVE('',#1453,#1452,#808,.T.);
#1824=EDGE_CURVE('',#1453,#1444,#809,.T.);
#1825=EDGE_CURVE('',#1454,#1440,#810,.T.);
#1826=EDGE_CURVE('',#1454,#1452,#1213,.T.);
#1827=EDGE_CURVE('',#1455,#1436,#811,.T.);
#1828=EDGE_CURVE('',#1454,#1455,#812,.T.);
#1829=EDGE_CURVE('',#1456,#1439,#813,.T.);
#1830=EDGE_CURVE('',#1456,#1455,#1214,.T.);
#1831=EDGE_CURVE('',#1457,#1458,#1215,.T.);
#1832=EDGE_CURVE('',#1457,#1459,#814,.T.);
#1833=EDGE_CURVE('',#1453,#1459,#1216,.T.);
#1834=EDGE_CURVE('',#1456,#1458,#815,.T.);
#1835=EDGE_CURVE('',#1460,#1461,#816,.T.);
#1836=EDGE_CURVE('',#1461,#1462,#1217,.T.);
#1837=EDGE_CURVE('',#1462,#1463,#817,.T.);
#1838=EDGE_CURVE('',#1463,#1464,#1218,.T.);
#1839=EDGE_CURVE('',#1464,#1465,#818,.T.);
#1840=EDGE_CURVE('',#1465,#1466,#1219,.T.);
#1841=EDGE_CURVE('',#1466,#1467,#819,.T.);
#1842=EDGE_CURVE('',#1467,#1460,#1220,.T.);
#1843=EDGE_CURVE('',#1459,#1446,#820,.T.);
#1844=EDGE_CURVE('',#1457,#1448,#821,.T.);
#1845=EDGE_CURVE('',#1458,#1450,#822,.T.);
#1846=EDGE_CURVE('',#1429,#1420,#823,.T.);
#1847=EDGE_CURVE('',#1435,#1421,#824,.T.);
#1848=EDGE_CURVE('',#1432,#1422,#825,.T.);
#1849=EDGE_CURVE('',#1426,#1423,#826,.T.);
#1850=EDGE_CURVE('',#1412,#1461,#827,.T.);
#1851=EDGE_CURVE('',#1414,#1460,#828,.T.);
#1852=EDGE_CURVE('',#1415,#1467,#829,.T.);
#1853=EDGE_CURVE('',#1416,#1466,#830,.T.);
#1854=EDGE_CURVE('',#1417,#1465,#831,.T.);
#1855=EDGE_CURVE('',#1418,#1464,#832,.T.);
#1856=EDGE_CURVE('',#1419,#1463,#833,.T.);
#1857=EDGE_CURVE('',#1413,#1462,#834,.T.);
#1858=ORIENTED_EDGE('',*,*,#1468,.F.);
#1859=ORIENTED_EDGE('',*,*,#1469,.T.);
#1860=ORIENTED_EDGE('',*,*,#1470,.F.);
#1861=ORIENTED_EDGE('',*,*,#1471,.F.);
#1862=ORIENTED_EDGE('',*,*,#1469,.F.);
#1863=ORIENTED_EDGE('',*,*,#1472,.F.);
#1864=ORIENTED_EDGE('',*,*,#1473,.F.);
#1865=ORIENTED_EDGE('',*,*,#1474,.T.);
#1866=ORIENTED_EDGE('',*,*,#1475,.F.);
#1867=ORIENTED_EDGE('',*,*,#1474,.F.);
#1868=ORIENTED_EDGE('',*,*,#1476,.F.);
#1869=ORIENTED_EDGE('',*,*,#1477,.T.);
#1870=ORIENTED_EDGE('',*,*,#1478,.F.);
#1871=ORIENTED_EDGE('',*,*,#1477,.F.);
#1872=ORIENTED_EDGE('',*,*,#1472,.T.);
#1873=ORIENTED_EDGE('',*,*,#1473,.T.);
#1874=ORIENTED_EDGE('',*,*,#1470,.T.);
#1875=ORIENTED_EDGE('',*,*,#1471,.T.);
#1876=ORIENTED_EDGE('',*,*,#1479,.F.);
#1877=ORIENTED_EDGE('',*,*,#1480,.T.);
#1878=ORIENTED_EDGE('',*,*,#1481,.T.);
#1879=ORIENTED_EDGE('',*,*,#1480,.F.);
#1880=ORIENTED_EDGE('',*,*,#1481,.F.);
#1881=ORIENTED_EDGE('',*,*,#1482,.F.);
#1882=ORIENTED_EDGE('',*,*,#1483,.F.);
#1883=ORIENTED_EDGE('',*,*,#1484,.T.);
#1884=ORIENTED_EDGE('',*,*,#1485,.T.);
#1885=ORIENTED_EDGE('',*,*,#1484,.F.);
#1886=ORIENTED_EDGE('',*,*,#1485,.F.);
#1887=ORIENTED_EDGE('',*,*,#1486,.F.);
#1888=ORIENTED_EDGE('',*,*,#1487,.F.);
#1889=ORIENTED_EDGE('',*,*,#1488,.T.);
#1890=ORIENTED_EDGE('',*,*,#1489,.T.);
#1891=ORIENTED_EDGE('',*,*,#1488,.F.);
#1892=ORIENTED_EDGE('',*,*,#1489,.F.);
#1893=ORIENTED_EDGE('',*,*,#1490,.F.);
#1894=ORIENTED_EDGE('',*,*,#1491,.F.);
#1895=ORIENTED_EDGE('',*,*,#1492,.T.);
#1896=ORIENTED_EDGE('',*,*,#1493,.T.);
#1897=ORIENTED_EDGE('',*,*,#1492,.F.);
#1898=ORIENTED_EDGE('',*,*,#1493,.F.);
#1899=ORIENTED_EDGE('',*,*,#1494,.F.);
#1900=ORIENTED_EDGE('',*,*,#1490,.T.);
#1901=ORIENTED_EDGE('',*,*,#1495,.T.);
#1902=ORIENTED_EDGE('',*,*,#1496,.F.);
#1903=ORIENTED_EDGE('',*,*,#1495,.F.);
#1904=ORIENTED_EDGE('',*,*,#1486,.T.);
#1905=ORIENTED_EDGE('',*,*,#1497,.T.);
#1906=ORIENTED_EDGE('',*,*,#1498,.F.);
#1907=ORIENTED_EDGE('',*,*,#1497,.F.);
#1908=ORIENTED_EDGE('',*,*,#1482,.T.);
#1909=ORIENTED_EDGE('',*,*,#1499,.T.);
#1910=ORIENTED_EDGE('',*,*,#1500,.F.);
#1911=ORIENTED_EDGE('',*,*,#1499,.F.);
#1912=ORIENTED_EDGE('',*,*,#1494,.T.);
#1913=ORIENTED_EDGE('',*,*,#1501,.T.);
#1914=ORIENTED_EDGE('',*,*,#1502,.F.);
#1915=ORIENTED_EDGE('',*,*,#1501,.F.);
#1916=ORIENTED_EDGE('',*,*,#1503,.F.);
#1917=ORIENTED_EDGE('',*,*,#1504,.T.);
#1918=ORIENTED_EDGE('',*,*,#1505,.T.);
#1919=ORIENTED_EDGE('',*,*,#1504,.F.);
#1920=ORIENTED_EDGE('',*,*,#1505,.F.);
#1921=ORIENTED_EDGE('',*,*,#1506,.F.);
#1922=ORIENTED_EDGE('',*,*,#1507,.T.);
#1923=ORIENTED_EDGE('',*,*,#1508,.T.);
#1924=ORIENTED_EDGE('',*,*,#1507,.F.);
#1925=ORIENTED_EDGE('',*,*,#1508,.F.);
#1926=ORIENTED_EDGE('',*,*,#1509,.T.);
#1927=ORIENTED_EDGE('',*,*,#1510,.T.);
#1928=ORIENTED_EDGE('',*,*,#1511,.T.);
#1929=ORIENTED_EDGE('',*,*,#1512,.T.);
#1930=ORIENTED_EDGE('',*,*,#1513,.T.);
#1931=ORIENTED_EDGE('',*,*,#1514,.T.);
#1932=ORIENTED_EDGE('',*,*,#1509,.F.);
#1933=ORIENTED_EDGE('',*,*,#1515,.T.);
#1934=ORIENTED_EDGE('',*,*,#1516,.T.);
#1935=ORIENTED_EDGE('',*,*,#1517,.T.);
#1936=ORIENTED_EDGE('',*,*,#1513,.F.);
#1937=ORIENTED_EDGE('',*,*,#1518,.T.);
#1938=ORIENTED_EDGE('',*,*,#1519,.T.);
#1939=ORIENTED_EDGE('',*,*,#1520,.T.);
#1940=ORIENTED_EDGE('',*,*,#1516,.F.);
#1941=ORIENTED_EDGE('',*,*,#1521,.T.);
#1942=ORIENTED_EDGE('',*,*,#1522,.T.);
#1943=ORIENTED_EDGE('',*,*,#1523,.T.);
#1944=ORIENTED_EDGE('',*,*,#1519,.F.);
#1945=ORIENTED_EDGE('',*,*,#1524,.T.);
#1946=ORIENTED_EDGE('',*,*,#1525,.T.);
#1947=ORIENTED_EDGE('',*,*,#1526,.T.);
#1948=ORIENTED_EDGE('',*,*,#1522,.F.);
#1949=ORIENTED_EDGE('',*,*,#1527,.T.);
#1950=ORIENTED_EDGE('',*,*,#1528,.T.);
#1951=ORIENTED_EDGE('',*,*,#1529,.T.);
#1952=ORIENTED_EDGE('',*,*,#1525,.F.);
#1953=ORIENTED_EDGE('',*,*,#1530,.T.);
#1954=ORIENTED_EDGE('',*,*,#1511,.F.);
#1955=ORIENTED_EDGE('',*,*,#1531,.T.);
#1956=ORIENTED_EDGE('',*,*,#1528,.F.);
#1957=ORIENTED_EDGE('',*,*,#1532,.T.);
#1958=ORIENTED_EDGE('',*,*,#1521,.F.);
#1959=ORIENTED_EDGE('',*,*,#1533,.F.);
#1960=ORIENTED_EDGE('',*,*,#1534,.F.);
#1961=ORIENTED_EDGE('',*,*,#1535,.T.);
#1962=ORIENTED_EDGE('',*,*,#1518,.F.);
#1963=ORIENTED_EDGE('',*,*,#1536,.F.);
#1964=ORIENTED_EDGE('',*,*,#1537,.T.);
#1965=ORIENTED_EDGE('',*,*,#1533,.T.);
#1966=ORIENTED_EDGE('',*,*,#1515,.F.);
#1967=ORIENTED_EDGE('',*,*,#1538,.F.);
#1968=ORIENTED_EDGE('',*,*,#1539,.F.);
#1969=ORIENTED_EDGE('',*,*,#1536,.T.);
#1970=ORIENTED_EDGE('',*,*,#1468,.T.);
#1971=ORIENTED_EDGE('',*,*,#1512,.F.);
#1972=ORIENTED_EDGE('',*,*,#1540,.F.);
#1973=ORIENTED_EDGE('',*,*,#1541,.T.);
#1974=ORIENTED_EDGE('',*,*,#1538,.T.);
#1975=ORIENTED_EDGE('',*,*,#1510,.F.);
#1976=ORIENTED_EDGE('',*,*,#1514,.F.);
#1977=ORIENTED_EDGE('',*,*,#1517,.F.);
#1978=ORIENTED_EDGE('',*,*,#1520,.F.);
#1979=ORIENTED_EDGE('',*,*,#1523,.F.);
#1980=ORIENTED_EDGE('',*,*,#1526,.F.);
#1981=ORIENTED_EDGE('',*,*,#1529,.F.);
#1982=ORIENTED_EDGE('',*,*,#1531,.F.);
#1983=ORIENTED_EDGE('',*,*,#1542,.T.);
#1984=ORIENTED_EDGE('',*,*,#1491,.T.);
#1985=ORIENTED_EDGE('',*,*,#1487,.T.);
#1986=ORIENTED_EDGE('',*,*,#1483,.T.);
#1987=ORIENTED_EDGE('',*,*,#1479,.T.);
#1988=ORIENTED_EDGE('',*,*,#1543,.T.);
#1989=ORIENTED_EDGE('',*,*,#1544,.T.);
#1990=ORIENTED_EDGE('',*,*,#1545,.T.);
#1991=ORIENTED_EDGE('',*,*,#1546,.T.);
#1992=ORIENTED_EDGE('',*,*,#1544,.F.);
#1993=ORIENTED_EDGE('',*,*,#1546,.F.);
#1994=ORIENTED_EDGE('',*,*,#1547,.T.);
#1995=ORIENTED_EDGE('',*,*,#1542,.F.);
#1996=ORIENTED_EDGE('',*,*,#1547,.F.);
#1997=ORIENTED_EDGE('',*,*,#1545,.F.);
#1998=ORIENTED_EDGE('',*,*,#1543,.F.);
#1999=ORIENTED_EDGE('',*,*,#1548,.T.);
#2000=ORIENTED_EDGE('',*,*,#1549,.F.);
#2001=ORIENTED_EDGE('',*,*,#1550,.T.);
#2002=ORIENTED_EDGE('',*,*,#1548,.F.);
#2003=ORIENTED_EDGE('',*,*,#1550,.F.);
#2004=ORIENTED_EDGE('',*,*,#1549,.T.);
#2005=ORIENTED_EDGE('',*,*,#1476,.T.);
#2006=ORIENTED_EDGE('',*,*,#1503,.T.);
#2007=ORIENTED_EDGE('',*,*,#1506,.T.);
#2008=ORIENTED_EDGE('',*,*,#1532,.F.);
#2009=ORIENTED_EDGE('',*,*,#1551,.F.);
#2010=ORIENTED_EDGE('',*,*,#1552,.F.);
#2011=ORIENTED_EDGE('',*,*,#1540,.T.);
#2012=ORIENTED_EDGE('',*,*,#1530,.F.);
#2013=ORIENTED_EDGE('',*,*,#1553,.F.);
#2014=ORIENTED_EDGE('',*,*,#1554,.T.);
#2015=ORIENTED_EDGE('',*,*,#1551,.T.);
#2016=ORIENTED_EDGE('',*,*,#1527,.F.);
#2017=ORIENTED_EDGE('',*,*,#1555,.F.);
#2018=ORIENTED_EDGE('',*,*,#1556,.F.);
#2019=ORIENTED_EDGE('',*,*,#1553,.T.);
#2020=ORIENTED_EDGE('',*,*,#1475,.T.);
#2021=ORIENTED_EDGE('',*,*,#1524,.F.);
#2022=ORIENTED_EDGE('',*,*,#1535,.F.);
#2023=ORIENTED_EDGE('',*,*,#1557,.T.);
#2024=ORIENTED_EDGE('',*,*,#1555,.T.);
#2025=ORIENTED_EDGE('',*,*,#1537,.F.);
#2026=ORIENTED_EDGE('',*,*,#1539,.T.);
#2027=ORIENTED_EDGE('',*,*,#1541,.F.);
#2028=ORIENTED_EDGE('',*,*,#1552,.T.);
#2029=ORIENTED_EDGE('',*,*,#1554,.F.);
#2030=ORIENTED_EDGE('',*,*,#1556,.T.);
#2031=ORIENTED_EDGE('',*,*,#1557,.F.);
#2032=ORIENTED_EDGE('',*,*,#1534,.T.);
#2033=ORIENTED_EDGE('',*,*,#1478,.T.);
#2034=ORIENTED_EDGE('',*,*,#1496,.T.);
#2035=ORIENTED_EDGE('',*,*,#1498,.T.);
#2036=ORIENTED_EDGE('',*,*,#1500,.T.);
#2037=ORIENTED_EDGE('',*,*,#1502,.T.);
#2038=ORIENTED_EDGE('',*,*,#1558,.F.);
#2039=ORIENTED_EDGE('',*,*,#1559,.T.);
#2040=ORIENTED_EDGE('',*,*,#1560,.T.);
#2041=ORIENTED_EDGE('',*,*,#1561,.F.);
#2042=ORIENTED_EDGE('',*,*,#1562,.F.);
#2043=ORIENTED_EDGE('',*,*,#1563,.T.);
#2044=ORIENTED_EDGE('',*,*,#1564,.T.);
#2045=ORIENTED_EDGE('',*,*,#1559,.F.);
#2046=ORIENTED_EDGE('',*,*,#1565,.F.);
#2047=ORIENTED_EDGE('',*,*,#1566,.T.);
#2048=ORIENTED_EDGE('',*,*,#1567,.T.);
#2049=ORIENTED_EDGE('',*,*,#1563,.F.);
#2050=ORIENTED_EDGE('',*,*,#1568,.F.);
#2051=ORIENTED_EDGE('',*,*,#1569,.T.);
#2052=ORIENTED_EDGE('',*,*,#1570,.T.);
#2053=ORIENTED_EDGE('',*,*,#1566,.F.);
#2054=ORIENTED_EDGE('',*,*,#1571,.F.);
#2055=ORIENTED_EDGE('',*,*,#1572,.T.);
#2056=ORIENTED_EDGE('',*,*,#1573,.T.);
#2057=ORIENTED_EDGE('',*,*,#1569,.F.);
#2058=ORIENTED_EDGE('',*,*,#1574,.F.);
#2059=ORIENTED_EDGE('',*,*,#1575,.T.);
#2060=ORIENTED_EDGE('',*,*,#1576,.T.);
#2061=ORIENTED_EDGE('',*,*,#1572,.F.);
#2062=ORIENTED_EDGE('',*,*,#1577,.F.);
#2063=ORIENTED_EDGE('',*,*,#1578,.T.);
#2064=ORIENTED_EDGE('',*,*,#1579,.T.);
#2065=ORIENTED_EDGE('',*,*,#1575,.F.);
#2066=ORIENTED_EDGE('',*,*,#1580,.F.);
#2067=ORIENTED_EDGE('',*,*,#1561,.T.);
#2068=ORIENTED_EDGE('',*,*,#1581,.T.);
#2069=ORIENTED_EDGE('',*,*,#1578,.F.);
#2070=ORIENTED_EDGE('',*,*,#1581,.F.);
#2071=ORIENTED_EDGE('',*,*,#1560,.F.);
#2072=ORIENTED_EDGE('',*,*,#1564,.F.);
#2073=ORIENTED_EDGE('',*,*,#1567,.F.);
#2074=ORIENTED_EDGE('',*,*,#1570,.F.);
#2075=ORIENTED_EDGE('',*,*,#1573,.F.);
#2076=ORIENTED_EDGE('',*,*,#1576,.F.);
#2077=ORIENTED_EDGE('',*,*,#1579,.F.);
#2078=ORIENTED_EDGE('',*,*,#1582,.F.);
#2079=ORIENTED_EDGE('',*,*,#1583,.F.);
#2080=ORIENTED_EDGE('',*,*,#1584,.F.);
#2081=ORIENTED_EDGE('',*,*,#1585,.F.);
#2082=ORIENTED_EDGE('',*,*,#1586,.F.);
#2083=ORIENTED_EDGE('',*,*,#1587,.F.);
#2084=ORIENTED_EDGE('',*,*,#1588,.F.);
#2085=ORIENTED_EDGE('',*,*,#1589,.F.);
#2086=ORIENTED_EDGE('',*,*,#1590,.F.);
#2087=ORIENTED_EDGE('',*,*,#1591,.F.);
#2088=ORIENTED_EDGE('',*,*,#1592,.F.);
#2089=ORIENTED_EDGE('',*,*,#1593,.F.);
#2090=ORIENTED_EDGE('',*,*,#1594,.F.);
#2091=ORIENTED_EDGE('',*,*,#1595,.F.);
#2092=ORIENTED_EDGE('',*,*,#1596,.F.);
#2093=ORIENTED_EDGE('',*,*,#1597,.F.);
#2094=ORIENTED_EDGE('',*,*,#1598,.F.);
#2095=ORIENTED_EDGE('',*,*,#1599,.F.);
#2096=ORIENTED_EDGE('',*,*,#1600,.F.);
#2097=ORIENTED_EDGE('',*,*,#1601,.F.);
#2098=ORIENTED_EDGE('',*,*,#1602,.F.);
#2099=ORIENTED_EDGE('',*,*,#1603,.F.);
#2100=ORIENTED_EDGE('',*,*,#1604,.F.);
#2101=ORIENTED_EDGE('',*,*,#1605,.F.);
#2102=ORIENTED_EDGE('',*,*,#1593,.T.);
#2103=ORIENTED_EDGE('',*,*,#1606,.T.);
#2104=ORIENTED_EDGE('',*,*,#1607,.T.);
#2105=ORIENTED_EDGE('',*,*,#1608,.T.);
#2106=ORIENTED_EDGE('',*,*,#1609,.T.);
#2107=ORIENTED_EDGE('',*,*,#1610,.T.);
#2108=ORIENTED_EDGE('',*,*,#1611,.T.);
#2109=ORIENTED_EDGE('',*,*,#1612,.T.);
#2110=ORIENTED_EDGE('',*,*,#1591,.T.);
#2111=ORIENTED_EDGE('',*,*,#1613,.T.);
#2112=ORIENTED_EDGE('',*,*,#1614,.T.);
#2113=ORIENTED_EDGE('',*,*,#1615,.F.);
#2114=ORIENTED_EDGE('',*,*,#1590,.T.);
#2115=ORIENTED_EDGE('',*,*,#1616,.F.);
#2116=ORIENTED_EDGE('',*,*,#1617,.F.);
#2117=ORIENTED_EDGE('',*,*,#1618,.F.);
#2118=ORIENTED_EDGE('',*,*,#1619,.F.);
#2119=ORIENTED_EDGE('',*,*,#1613,.F.);
#2120=ORIENTED_EDGE('',*,*,#1589,.T.);
#2121=ORIENTED_EDGE('',*,*,#1620,.F.);
#2122=ORIENTED_EDGE('',*,*,#1621,.F.);
#2123=ORIENTED_EDGE('',*,*,#1616,.T.);
#2124=ORIENTED_EDGE('',*,*,#1587,.T.);
#2125=ORIENTED_EDGE('',*,*,#1622,.T.);
#2126=ORIENTED_EDGE('',*,*,#1623,.T.);
#2127=ORIENTED_EDGE('',*,*,#1624,.F.);
#2128=ORIENTED_EDGE('',*,*,#1586,.T.);
#2129=ORIENTED_EDGE('',*,*,#1625,.F.);
#2130=ORIENTED_EDGE('',*,*,#1626,.F.);
#2131=ORIENTED_EDGE('',*,*,#1627,.F.);
#2132=ORIENTED_EDGE('',*,*,#1628,.F.);
#2133=ORIENTED_EDGE('',*,*,#1622,.F.);
#2134=ORIENTED_EDGE('',*,*,#1585,.T.);
#2135=ORIENTED_EDGE('',*,*,#1629,.F.);
#2136=ORIENTED_EDGE('',*,*,#1630,.F.);
#2137=ORIENTED_EDGE('',*,*,#1625,.T.);
#2138=ORIENTED_EDGE('',*,*,#1592,.T.);
#2139=ORIENTED_EDGE('',*,*,#1615,.T.);
#2140=ORIENTED_EDGE('',*,*,#1631,.T.);
#2141=ORIENTED_EDGE('',*,*,#1632,.F.);
#2142=ORIENTED_EDGE('',*,*,#1633,.T.);
#2143=ORIENTED_EDGE('',*,*,#1620,.T.);
#2144=ORIENTED_EDGE('',*,*,#1588,.T.);
#2145=ORIENTED_EDGE('',*,*,#1624,.T.);
#2146=ORIENTED_EDGE('',*,*,#1634,.T.);
#2147=ORIENTED_EDGE('',*,*,#1635,.F.);
#2148=ORIENTED_EDGE('',*,*,#1636,.T.);
#2149=ORIENTED_EDGE('',*,*,#1629,.T.);
#2150=ORIENTED_EDGE('',*,*,#1584,.T.);
#2151=ORIENTED_EDGE('',*,*,#1637,.F.);
#2152=ORIENTED_EDGE('',*,*,#1638,.F.);
#2153=ORIENTED_EDGE('',*,*,#1606,.F.);
#2154=ORIENTED_EDGE('',*,*,#1639,.T.);
#2155=ORIENTED_EDGE('',*,*,#1626,.T.);
#2156=ORIENTED_EDGE('',*,*,#1630,.T.);
#2157=ORIENTED_EDGE('',*,*,#1636,.F.);
#2158=ORIENTED_EDGE('',*,*,#1640,.T.);
#2159=ORIENTED_EDGE('',*,*,#1619,.T.);
#2160=ORIENTED_EDGE('',*,*,#1631,.F.);
#2161=ORIENTED_EDGE('',*,*,#1614,.F.);
#2162=ORIENTED_EDGE('',*,*,#1617,.T.);
#2163=ORIENTED_EDGE('',*,*,#1621,.T.);
#2164=ORIENTED_EDGE('',*,*,#1633,.F.);
#2165=ORIENTED_EDGE('',*,*,#1628,.T.);
#2166=ORIENTED_EDGE('',*,*,#1634,.F.);
#2167=ORIENTED_EDGE('',*,*,#1623,.F.);
#2168=ORIENTED_EDGE('',*,*,#1632,.T.);
#2169=ORIENTED_EDGE('',*,*,#1618,.T.);
#2170=ORIENTED_EDGE('',*,*,#1638,.T.);
#2171=ORIENTED_EDGE('',*,*,#1641,.T.);
#2172=ORIENTED_EDGE('',*,*,#1642,.T.);
#2173=ORIENTED_EDGE('',*,*,#1607,.F.);
#2174=ORIENTED_EDGE('',*,*,#1643,.T.);
#2175=ORIENTED_EDGE('',*,*,#1644,.T.);
#2176=ORIENTED_EDGE('',*,*,#1645,.T.);
#2177=ORIENTED_EDGE('',*,*,#1646,.T.);
#2178=ORIENTED_EDGE('',*,*,#1647,.T.);
#2179=ORIENTED_EDGE('',*,*,#1603,.T.);
#2180=ORIENTED_EDGE('',*,*,#1648,.F.);
#2181=ORIENTED_EDGE('',*,*,#1641,.F.);
#2182=ORIENTED_EDGE('',*,*,#1637,.T.);
#2183=ORIENTED_EDGE('',*,*,#1597,.T.);
#2184=ORIENTED_EDGE('',*,*,#1649,.T.);
#2185=ORIENTED_EDGE('',*,*,#1650,.T.);
#2186=ORIENTED_EDGE('',*,*,#1651,.F.);
#2187=ORIENTED_EDGE('',*,*,#1595,.T.);
#2188=ORIENTED_EDGE('',*,*,#1652,.F.);
#2189=ORIENTED_EDGE('',*,*,#1653,.F.);
#2190=ORIENTED_EDGE('',*,*,#1654,.T.);
#2191=ORIENTED_EDGE('',*,*,#1655,.T.);
#2192=ORIENTED_EDGE('',*,*,#1656,.T.);
#2193=ORIENTED_EDGE('',*,*,#1653,.T.);
#2194=ORIENTED_EDGE('',*,*,#1657,.F.);
#2195=ORIENTED_EDGE('',*,*,#1658,.T.);
#2196=ORIENTED_EDGE('',*,*,#1659,.T.);
#2197=ORIENTED_EDGE('',*,*,#1660,.F.);
#2198=ORIENTED_EDGE('',*,*,#1661,.F.);
#2199=ORIENTED_EDGE('',*,*,#1662,.T.);
#2200=ORIENTED_EDGE('',*,*,#1663,.T.);
#2201=ORIENTED_EDGE('',*,*,#1664,.F.);
#2202=ORIENTED_EDGE('',*,*,#1665,.T.);
#2203=ORIENTED_EDGE('',*,*,#1666,.F.);
#2204=ORIENTED_EDGE('',*,*,#1650,.F.);
#2205=ORIENTED_EDGE('',*,*,#1599,.T.);
#2206=ORIENTED_EDGE('',*,*,#1667,.F.);
#2207=ORIENTED_EDGE('',*,*,#1663,.F.);
#2208=ORIENTED_EDGE('',*,*,#1668,.T.);
#2209=ORIENTED_EDGE('',*,*,#1601,.T.);
#2210=ORIENTED_EDGE('',*,*,#1669,.T.);
#2211=ORIENTED_EDGE('',*,*,#1661,.T.);
#2212=ORIENTED_EDGE('',*,*,#1670,.F.);
#2213=ORIENTED_EDGE('',*,*,#1594,.T.);
#2214=ORIENTED_EDGE('',*,*,#1608,.F.);
#2215=ORIENTED_EDGE('',*,*,#1642,.F.);
#2216=ORIENTED_EDGE('',*,*,#1648,.T.);
#2217=ORIENTED_EDGE('',*,*,#1602,.T.);
#2218=ORIENTED_EDGE('',*,*,#1670,.T.);
#2219=ORIENTED_EDGE('',*,*,#1660,.T.);
#2220=ORIENTED_EDGE('',*,*,#1671,.F.);
#2221=ORIENTED_EDGE('',*,*,#1664,.T.);
#2222=ORIENTED_EDGE('',*,*,#1667,.T.);
#2223=ORIENTED_EDGE('',*,*,#1598,.T.);
#2224=ORIENTED_EDGE('',*,*,#1651,.T.);
#2225=ORIENTED_EDGE('',*,*,#1666,.T.);
#2226=ORIENTED_EDGE('',*,*,#1672,.F.);
#2227=ORIENTED_EDGE('',*,*,#1657,.T.);
#2228=ORIENTED_EDGE('',*,*,#1652,.T.);
#2229=ORIENTED_EDGE('',*,*,#1671,.T.);
#2230=ORIENTED_EDGE('',*,*,#1673,.T.);
#2231=ORIENTED_EDGE('',*,*,#1674,.F.);
#2232=ORIENTED_EDGE('',*,*,#1675,.T.);
#2233=ORIENTED_EDGE('',*,*,#1676,.T.);
#2234=ORIENTED_EDGE('',*,*,#1675,.F.);
#2235=ORIENTED_EDGE('',*,*,#1676,.F.);
#2236=ORIENTED_EDGE('',*,*,#1677,.F.);
#2237=ORIENTED_EDGE('',*,*,#1678,.F.);
#2238=ORIENTED_EDGE('',*,*,#1679,.T.);
#2239=ORIENTED_EDGE('',*,*,#1680,.T.);
#2240=ORIENTED_EDGE('',*,*,#1679,.F.);
#2241=ORIENTED_EDGE('',*,*,#1680,.F.);
#2242=ORIENTED_EDGE('',*,*,#1681,.F.);
#2243=ORIENTED_EDGE('',*,*,#1677,.T.);
#2244=ORIENTED_EDGE('',*,*,#1682,.T.);
#2245=ORIENTED_EDGE('',*,*,#1643,.F.);
#2246=ORIENTED_EDGE('',*,*,#1682,.F.);
#2247=ORIENTED_EDGE('',*,*,#1681,.T.);
#2248=ORIENTED_EDGE('',*,*,#1683,.T.);
#2249=ORIENTED_EDGE('',*,*,#1644,.F.);
#2250=ORIENTED_EDGE('',*,*,#1683,.F.);
#2251=ORIENTED_EDGE('',*,*,#1635,.T.);
#2252=ORIENTED_EDGE('',*,*,#1627,.T.);
#2253=ORIENTED_EDGE('',*,*,#1672,.T.);
#2254=ORIENTED_EDGE('',*,*,#1684,.T.);
#2255=ORIENTED_EDGE('',*,*,#1685,.F.);
#2256=ORIENTED_EDGE('',*,*,#1686,.F.);
#2257=ORIENTED_EDGE('',*,*,#1687,.F.);
#2258=ORIENTED_EDGE('',*,*,#1688,.F.);
#2259=ORIENTED_EDGE('',*,*,#1689,.F.);
#2260=ORIENTED_EDGE('',*,*,#1690,.F.);
#2261=ORIENTED_EDGE('',*,*,#1691,.F.);
#2262=ORIENTED_EDGE('',*,*,#1692,.F.);
#2263=ORIENTED_EDGE('',*,*,#1558,.T.);
#2264=ORIENTED_EDGE('',*,*,#1580,.T.);
#2265=ORIENTED_EDGE('',*,*,#1577,.T.);
#2266=ORIENTED_EDGE('',*,*,#1574,.T.);
#2267=ORIENTED_EDGE('',*,*,#1571,.T.);
#2268=ORIENTED_EDGE('',*,*,#1568,.T.);
#2269=ORIENTED_EDGE('',*,*,#1565,.T.);
#2270=ORIENTED_EDGE('',*,*,#1562,.T.);
#2271=ORIENTED_EDGE('',*,*,#1693,.F.);
#2272=ORIENTED_EDGE('',*,*,#1694,.T.);
#2273=ORIENTED_EDGE('',*,*,#1645,.F.);
#2274=ORIENTED_EDGE('',*,*,#1694,.F.);
#2275=ORIENTED_EDGE('',*,*,#1582,.T.);
#2276=ORIENTED_EDGE('',*,*,#1695,.T.);
#2277=ORIENTED_EDGE('',*,*,#1655,.F.);
#2278=ORIENTED_EDGE('',*,*,#1695,.F.);
#2279=ORIENTED_EDGE('',*,*,#1605,.T.);
#2280=ORIENTED_EDGE('',*,*,#1696,.T.);
#2281=ORIENTED_EDGE('',*,*,#1640,.F.);
#2282=ORIENTED_EDGE('',*,*,#1696,.F.);
#2283=ORIENTED_EDGE('',*,*,#1604,.T.);
#2284=ORIENTED_EDGE('',*,*,#1697,.T.);
#2285=ORIENTED_EDGE('',*,*,#1658,.F.);
#2286=ORIENTED_EDGE('',*,*,#1697,.F.);
#2287=ORIENTED_EDGE('',*,*,#1583,.T.);
#2288=ORIENTED_EDGE('',*,*,#1698,.T.);
#2289=ORIENTED_EDGE('',*,*,#1639,.F.);
#2290=ORIENTED_EDGE('',*,*,#1698,.F.);
#2291=ORIENTED_EDGE('',*,*,#1600,.T.);
#2292=ORIENTED_EDGE('',*,*,#1668,.F.);
#2293=ORIENTED_EDGE('',*,*,#1662,.F.);
#2294=ORIENTED_EDGE('',*,*,#1673,.F.);
#2295=ORIENTED_EDGE('',*,*,#1659,.F.);
#2296=ORIENTED_EDGE('',*,*,#1669,.F.);
#2297=ORIENTED_EDGE('',*,*,#1596,.T.);
#2298=ORIENTED_EDGE('',*,*,#1654,.F.);
#2299=ORIENTED_EDGE('',*,*,#1656,.F.);
#2300=ORIENTED_EDGE('',*,*,#1684,.F.);
#2301=ORIENTED_EDGE('',*,*,#1665,.F.);
#2302=ORIENTED_EDGE('',*,*,#1649,.F.);
#2303=ORIENTED_EDGE('',*,*,#1685,.T.);
#2304=ORIENTED_EDGE('',*,*,#1699,.F.);
#2305=ORIENTED_EDGE('',*,*,#1700,.F.);
#2306=ORIENTED_EDGE('',*,*,#1701,.T.);
#2307=ORIENTED_EDGE('',*,*,#1692,.T.);
#2308=ORIENTED_EDGE('',*,*,#1702,.F.);
#2309=ORIENTED_EDGE('',*,*,#1703,.F.);
#2310=ORIENTED_EDGE('',*,*,#1699,.T.);
#2311=ORIENTED_EDGE('',*,*,#1691,.T.);
#2312=ORIENTED_EDGE('',*,*,#1704,.F.);
#2313=ORIENTED_EDGE('',*,*,#1705,.F.);
#2314=ORIENTED_EDGE('',*,*,#1702,.T.);
#2315=ORIENTED_EDGE('',*,*,#1690,.T.);
#2316=ORIENTED_EDGE('',*,*,#1706,.F.);
#2317=ORIENTED_EDGE('',*,*,#1707,.F.);
#2318=ORIENTED_EDGE('',*,*,#1704,.T.);
#2319=ORIENTED_EDGE('',*,*,#1708,.T.);
#2320=ORIENTED_EDGE('',*,*,#1709,.T.);
#2321=ORIENTED_EDGE('',*,*,#1710,.T.);
#2322=ORIENTED_EDGE('',*,*,#1711,.T.);
#2323=ORIENTED_EDGE('',*,*,#1712,.T.);
#2324=ORIENTED_EDGE('',*,*,#1713,.T.);
#2325=ORIENTED_EDGE('',*,*,#1714,.T.);
#2326=ORIENTED_EDGE('',*,*,#1707,.T.);
#2327=ORIENTED_EDGE('',*,*,#1712,.F.);
#2328=ORIENTED_EDGE('',*,*,#1715,.T.);
#2329=ORIENTED_EDGE('',*,*,#1716,.T.);
#2330=ORIENTED_EDGE('',*,*,#1717,.T.);
#2331=ORIENTED_EDGE('',*,*,#1718,.T.);
#2332=ORIENTED_EDGE('',*,*,#1719,.T.);
#2333=ORIENTED_EDGE('',*,*,#1716,.F.);
#2334=ORIENTED_EDGE('',*,*,#1720,.T.);
#2335=ORIENTED_EDGE('',*,*,#1718,.F.);
#2336=ORIENTED_EDGE('',*,*,#1721,.T.);
#2337=ORIENTED_EDGE('',*,*,#1722,.T.);
#2338=ORIENTED_EDGE('',*,*,#1723,.T.);
#2339=ORIENTED_EDGE('',*,*,#1724,.T.);
#2340=ORIENTED_EDGE('',*,*,#1725,.T.);
#2341=ORIENTED_EDGE('',*,*,#1722,.F.);
#2342=ORIENTED_EDGE('',*,*,#1726,.T.);
#2343=ORIENTED_EDGE('',*,*,#1724,.F.);
#2344=ORIENTED_EDGE('',*,*,#1700,.T.);
#2345=ORIENTED_EDGE('',*,*,#1727,.T.);
#2346=ORIENTED_EDGE('',*,*,#1728,.T.);
#2347=ORIENTED_EDGE('',*,*,#1729,.T.);
#2348=ORIENTED_EDGE('',*,*,#1730,.T.);
#2349=ORIENTED_EDGE('',*,*,#1727,.F.);
#2350=ORIENTED_EDGE('',*,*,#1703,.T.);
#2351=ORIENTED_EDGE('',*,*,#1729,.F.);
#2352=ORIENTED_EDGE('',*,*,#1705,.T.);
#2353=ORIENTED_EDGE('',*,*,#1714,.F.);
#2354=ORIENTED_EDGE('',*,*,#1731,.T.);
#2355=ORIENTED_EDGE('',*,*,#1687,.T.);
#2356=ORIENTED_EDGE('',*,*,#1732,.F.);
#2357=ORIENTED_EDGE('',*,*,#1721,.F.);
#2358=ORIENTED_EDGE('',*,*,#1733,.T.);
#2359=ORIENTED_EDGE('',*,*,#1688,.T.);
#2360=ORIENTED_EDGE('',*,*,#1733,.F.);
#2361=ORIENTED_EDGE('',*,*,#1720,.F.);
#2362=ORIENTED_EDGE('',*,*,#1734,.T.);
#2363=ORIENTED_EDGE('',*,*,#1689,.T.);
#2364=ORIENTED_EDGE('',*,*,#1734,.F.);
#2365=ORIENTED_EDGE('',*,*,#1715,.F.);
#2366=ORIENTED_EDGE('',*,*,#1706,.T.);
#2367=ORIENTED_EDGE('',*,*,#1713,.F.);
#2368=ORIENTED_EDGE('',*,*,#1717,.F.);
#2369=ORIENTED_EDGE('',*,*,#1719,.F.);
#2370=ORIENTED_EDGE('',*,*,#1723,.F.);
#2371=ORIENTED_EDGE('',*,*,#1725,.F.);
#2372=ORIENTED_EDGE('',*,*,#1728,.F.);
#2373=ORIENTED_EDGE('',*,*,#1730,.F.);
#2374=ORIENTED_EDGE('',*,*,#1731,.F.);
#2375=ORIENTED_EDGE('',*,*,#1735,.T.);
#2376=ORIENTED_EDGE('',*,*,#1736,.T.);
#2377=ORIENTED_EDGE('',*,*,#1693,.T.);
#2378=ORIENTED_EDGE('',*,*,#1678,.T.);
#2379=ORIENTED_EDGE('',*,*,#1674,.T.);
#2380=ORIENTED_EDGE('',*,*,#1611,.F.);
#2381=ORIENTED_EDGE('',*,*,#1737,.F.);
#2382=ORIENTED_EDGE('',*,*,#1710,.F.);
#2383=ORIENTED_EDGE('',*,*,#1738,.T.);
#2384=ORIENTED_EDGE('',*,*,#1612,.F.);
#2385=ORIENTED_EDGE('',*,*,#1738,.F.);
#2386=ORIENTED_EDGE('',*,*,#1709,.F.);
#2387=ORIENTED_EDGE('',*,*,#1739,.T.);
#2388=ORIENTED_EDGE('',*,*,#1609,.F.);
#2389=ORIENTED_EDGE('',*,*,#1739,.F.);
#2390=ORIENTED_EDGE('',*,*,#1708,.F.);
#2391=ORIENTED_EDGE('',*,*,#1740,.T.);
#2392=ORIENTED_EDGE('',*,*,#1610,.F.);
#2393=ORIENTED_EDGE('',*,*,#1740,.F.);
#2394=ORIENTED_EDGE('',*,*,#1711,.F.);
#2395=ORIENTED_EDGE('',*,*,#1737,.T.);
#2396=ORIENTED_EDGE('',*,*,#1646,.F.);
#2397=ORIENTED_EDGE('',*,*,#1741,.T.);
#2398=ORIENTED_EDGE('',*,*,#1735,.F.);
#2399=ORIENTED_EDGE('',*,*,#1741,.F.);
#2400=ORIENTED_EDGE('',*,*,#1647,.F.);
#2401=ORIENTED_EDGE('',*,*,#1742,.T.);
#2402=ORIENTED_EDGE('',*,*,#1736,.F.);
#2403=ORIENTED_EDGE('',*,*,#1742,.F.);
#2404=ORIENTED_EDGE('',*,*,#1686,.T.);
#2405=ORIENTED_EDGE('',*,*,#1701,.F.);
#2406=ORIENTED_EDGE('',*,*,#1726,.F.);
#2407=ORIENTED_EDGE('',*,*,#1732,.T.);
#2408=ORIENTED_EDGE('',*,*,#1743,.F.);
#2409=ORIENTED_EDGE('',*,*,#1744,.T.);
#2410=ORIENTED_EDGE('',*,*,#1745,.T.);
#2411=ORIENTED_EDGE('',*,*,#1746,.F.);
#2412=ORIENTED_EDGE('',*,*,#1747,.F.);
#2413=ORIENTED_EDGE('',*,*,#1748,.T.);
#2414=ORIENTED_EDGE('',*,*,#1749,.T.);
#2415=ORIENTED_EDGE('',*,*,#1744,.F.);
#2416=ORIENTED_EDGE('',*,*,#1750,.F.);
#2417=ORIENTED_EDGE('',*,*,#1751,.T.);
#2418=ORIENTED_EDGE('',*,*,#1752,.T.);
#2419=ORIENTED_EDGE('',*,*,#1748,.F.);
#2420=ORIENTED_EDGE('',*,*,#1752,.F.);
#2421=ORIENTED_EDGE('',*,*,#1753,.F.);
#2422=ORIENTED_EDGE('',*,*,#1745,.F.);
#2423=ORIENTED_EDGE('',*,*,#1749,.F.);
#2424=ORIENTED_EDGE('',*,*,#1754,.F.);
#2425=ORIENTED_EDGE('',*,*,#1746,.T.);
#2426=ORIENTED_EDGE('',*,*,#1755,.T.);
#2427=ORIENTED_EDGE('',*,*,#1756,.F.);
#2428=ORIENTED_EDGE('',*,*,#1757,.F.);
#2429=ORIENTED_EDGE('',*,*,#1758,.T.);
#2430=ORIENTED_EDGE('',*,*,#1759,.T.);
#2431=ORIENTED_EDGE('',*,*,#1751,.F.);
#2432=ORIENTED_EDGE('',*,*,#1760,.F.);
#2433=ORIENTED_EDGE('',*,*,#1756,.T.);
#2434=ORIENTED_EDGE('',*,*,#1761,.T.);
#2435=ORIENTED_EDGE('',*,*,#1758,.F.);
#2436=ORIENTED_EDGE('',*,*,#1761,.F.);
#2437=ORIENTED_EDGE('',*,*,#1755,.F.);
#2438=ORIENTED_EDGE('',*,*,#1762,.F.);
#2439=ORIENTED_EDGE('',*,*,#1759,.F.);
#2440=ORIENTED_EDGE('',*,*,#1763,.F.);
#2441=ORIENTED_EDGE('',*,*,#1764,.T.);
#2442=ORIENTED_EDGE('',*,*,#1765,.F.);
#2443=ORIENTED_EDGE('',*,*,#1764,.F.);
#2444=ORIENTED_EDGE('',*,*,#1766,.F.);
#2445=ORIENTED_EDGE('',*,*,#1767,.T.);
#2446=ORIENTED_EDGE('',*,*,#1768,.T.);
#2447=ORIENTED_EDGE('',*,*,#1753,.T.);
#2448=ORIENTED_EDGE('',*,*,#1769,.F.);
#2449=ORIENTED_EDGE('',*,*,#1769,.T.);
#2450=ORIENTED_EDGE('',*,*,#1762,.T.);
#2451=ORIENTED_EDGE('',*,*,#1768,.F.);
#2452=ORIENTED_EDGE('',*,*,#1767,.F.);
#2453=ORIENTED_EDGE('',*,*,#1766,.T.);
#2454=ORIENTED_EDGE('',*,*,#1763,.T.);
#2455=ORIENTED_EDGE('',*,*,#1770,.F.);
#2456=ORIENTED_EDGE('',*,*,#1771,.T.);
#2457=ORIENTED_EDGE('',*,*,#1772,.F.);
#2458=ORIENTED_EDGE('',*,*,#1773,.T.);
#2459=ORIENTED_EDGE('',*,*,#1774,.F.);
#2460=ORIENTED_EDGE('',*,*,#1775,.T.);
#2461=ORIENTED_EDGE('',*,*,#1776,.F.);
#2462=ORIENTED_EDGE('',*,*,#1777,.T.);
#2463=ORIENTED_EDGE('',*,*,#1754,.T.);
#2464=ORIENTED_EDGE('',*,*,#1760,.T.);
#2465=ORIENTED_EDGE('',*,*,#1757,.T.);
#2466=ORIENTED_EDGE('',*,*,#1750,.T.);
#2467=ORIENTED_EDGE('',*,*,#1747,.T.);
#2468=ORIENTED_EDGE('',*,*,#1743,.T.);
#2469=ORIENTED_EDGE('',*,*,#1778,.F.);
#2470=ORIENTED_EDGE('',*,*,#1779,.F.);
#2471=ORIENTED_EDGE('',*,*,#1780,.F.);
#2472=ORIENTED_EDGE('',*,*,#1781,.F.);
#2473=ORIENTED_EDGE('',*,*,#1782,.F.);
#2474=ORIENTED_EDGE('',*,*,#1783,.T.);
#2475=ORIENTED_EDGE('',*,*,#1784,.T.);
#2476=ORIENTED_EDGE('',*,*,#1783,.F.);
#2477=ORIENTED_EDGE('',*,*,#1784,.F.);
#2478=ORIENTED_EDGE('',*,*,#1785,.F.);
#2479=ORIENTED_EDGE('',*,*,#1786,.F.);
#2480=ORIENTED_EDGE('',*,*,#1787,.T.);
#2481=ORIENTED_EDGE('',*,*,#1788,.T.);
#2482=ORIENTED_EDGE('',*,*,#1787,.F.);
#2483=ORIENTED_EDGE('',*,*,#1788,.F.);
#2484=ORIENTED_EDGE('',*,*,#1789,.F.);
#2485=ORIENTED_EDGE('',*,*,#1790,.F.);
#2486=ORIENTED_EDGE('',*,*,#1791,.T.);
#2487=ORIENTED_EDGE('',*,*,#1792,.T.);
#2488=ORIENTED_EDGE('',*,*,#1791,.F.);
#2489=ORIENTED_EDGE('',*,*,#1792,.F.);
#2490=ORIENTED_EDGE('',*,*,#1793,.F.);
#2491=ORIENTED_EDGE('',*,*,#1794,.F.);
#2492=ORIENTED_EDGE('',*,*,#1795,.T.);
#2493=ORIENTED_EDGE('',*,*,#1796,.T.);
#2494=ORIENTED_EDGE('',*,*,#1795,.F.);
#2495=ORIENTED_EDGE('',*,*,#1796,.F.);
#2496=ORIENTED_EDGE('',*,*,#1797,.F.);
#2497=ORIENTED_EDGE('',*,*,#1798,.T.);
#2498=ORIENTED_EDGE('',*,*,#1799,.T.);
#2499=ORIENTED_EDGE('',*,*,#1800,.T.);
#2500=ORIENTED_EDGE('',*,*,#1801,.T.);
#2501=ORIENTED_EDGE('',*,*,#1802,.T.);
#2502=ORIENTED_EDGE('',*,*,#1803,.T.);
#2503=ORIENTED_EDGE('',*,*,#1798,.F.);
#2504=ORIENTED_EDGE('',*,*,#1804,.T.);
#2505=ORIENTED_EDGE('',*,*,#1805,.T.);
#2506=ORIENTED_EDGE('',*,*,#1806,.T.);
#2507=ORIENTED_EDGE('',*,*,#1802,.F.);
#2508=ORIENTED_EDGE('',*,*,#1807,.T.);
#2509=ORIENTED_EDGE('',*,*,#1808,.T.);
#2510=ORIENTED_EDGE('',*,*,#1809,.T.);
#2511=ORIENTED_EDGE('',*,*,#1805,.F.);
#2512=ORIENTED_EDGE('',*,*,#1810,.T.);
#2513=ORIENTED_EDGE('',*,*,#1811,.T.);
#2514=ORIENTED_EDGE('',*,*,#1812,.T.);
#2515=ORIENTED_EDGE('',*,*,#1808,.F.);
#2516=ORIENTED_EDGE('',*,*,#1813,.T.);
#2517=ORIENTED_EDGE('',*,*,#1814,.T.);
#2518=ORIENTED_EDGE('',*,*,#1815,.T.);
#2519=ORIENTED_EDGE('',*,*,#1811,.F.);
#2520=ORIENTED_EDGE('',*,*,#1816,.T.);
#2521=ORIENTED_EDGE('',*,*,#1817,.T.);
#2522=ORIENTED_EDGE('',*,*,#1818,.T.);
#2523=ORIENTED_EDGE('',*,*,#1814,.F.);
#2524=ORIENTED_EDGE('',*,*,#1819,.T.);
#2525=ORIENTED_EDGE('',*,*,#1800,.F.);
#2526=ORIENTED_EDGE('',*,*,#1820,.T.);
#2527=ORIENTED_EDGE('',*,*,#1817,.F.);
#2528=ORIENTED_EDGE('',*,*,#1821,.T.);
#2529=ORIENTED_EDGE('',*,*,#1810,.F.);
#2530=ORIENTED_EDGE('',*,*,#1822,.F.);
#2531=ORIENTED_EDGE('',*,*,#1823,.F.);
#2532=ORIENTED_EDGE('',*,*,#1824,.T.);
#2533=ORIENTED_EDGE('',*,*,#1807,.F.);
#2534=ORIENTED_EDGE('',*,*,#1825,.F.);
#2535=ORIENTED_EDGE('',*,*,#1826,.T.);
#2536=ORIENTED_EDGE('',*,*,#1822,.T.);
#2537=ORIENTED_EDGE('',*,*,#1804,.F.);
#2538=ORIENTED_EDGE('',*,*,#1827,.F.);
#2539=ORIENTED_EDGE('',*,*,#1828,.F.);
#2540=ORIENTED_EDGE('',*,*,#1825,.T.);
#2541=ORIENTED_EDGE('',*,*,#1801,.F.);
#2542=ORIENTED_EDGE('',*,*,#1829,.F.);
#2543=ORIENTED_EDGE('',*,*,#1830,.T.);
#2544=ORIENTED_EDGE('',*,*,#1827,.T.);
#2545=ORIENTED_EDGE('',*,*,#1799,.F.);
#2546=ORIENTED_EDGE('',*,*,#1803,.F.);
#2547=ORIENTED_EDGE('',*,*,#1806,.F.);
#2548=ORIENTED_EDGE('',*,*,#1809,.F.);
#2549=ORIENTED_EDGE('',*,*,#1812,.F.);
#2550=ORIENTED_EDGE('',*,*,#1815,.F.);
#2551=ORIENTED_EDGE('',*,*,#1818,.F.);
#2552=ORIENTED_EDGE('',*,*,#1820,.F.);
#2553=ORIENTED_EDGE('',*,*,#1794,.T.);
#2554=ORIENTED_EDGE('',*,*,#1790,.T.);
#2555=ORIENTED_EDGE('',*,*,#1786,.T.);
#2556=ORIENTED_EDGE('',*,*,#1782,.T.);
#2557=ORIENTED_EDGE('',*,*,#1831,.F.);
#2558=ORIENTED_EDGE('',*,*,#1832,.T.);
#2559=ORIENTED_EDGE('',*,*,#1833,.F.);
#2560=ORIENTED_EDGE('',*,*,#1823,.T.);
#2561=ORIENTED_EDGE('',*,*,#1826,.F.);
#2562=ORIENTED_EDGE('',*,*,#1828,.T.);
#2563=ORIENTED_EDGE('',*,*,#1830,.F.);
#2564=ORIENTED_EDGE('',*,*,#1834,.T.);
#2565=ORIENTED_EDGE('',*,*,#1835,.T.);
#2566=ORIENTED_EDGE('',*,*,#1836,.T.);
#2567=ORIENTED_EDGE('',*,*,#1837,.T.);
#2568=ORIENTED_EDGE('',*,*,#1838,.T.);
#2569=ORIENTED_EDGE('',*,*,#1839,.T.);
#2570=ORIENTED_EDGE('',*,*,#1840,.T.);
#2571=ORIENTED_EDGE('',*,*,#1841,.T.);
#2572=ORIENTED_EDGE('',*,*,#1842,.T.);
#2573=ORIENTED_EDGE('',*,*,#1816,.F.);
#2574=ORIENTED_EDGE('',*,*,#1843,.F.);
#2575=ORIENTED_EDGE('',*,*,#1832,.F.);
#2576=ORIENTED_EDGE('',*,*,#1844,.T.);
#2577=ORIENTED_EDGE('',*,*,#1813,.F.);
#2578=ORIENTED_EDGE('',*,*,#1824,.F.);
#2579=ORIENTED_EDGE('',*,*,#1833,.T.);
#2580=ORIENTED_EDGE('',*,*,#1843,.T.);
#2581=ORIENTED_EDGE('',*,*,#1821,.F.);
#2582=ORIENTED_EDGE('',*,*,#1845,.F.);
#2583=ORIENTED_EDGE('',*,*,#1834,.F.);
#2584=ORIENTED_EDGE('',*,*,#1829,.T.);
#2585=ORIENTED_EDGE('',*,*,#1819,.F.);
#2586=ORIENTED_EDGE('',*,*,#1844,.F.);
#2587=ORIENTED_EDGE('',*,*,#1831,.T.);
#2588=ORIENTED_EDGE('',*,*,#1845,.T.);
#2589=ORIENTED_EDGE('',*,*,#1789,.T.);
#2590=ORIENTED_EDGE('',*,*,#1846,.T.);
#2591=ORIENTED_EDGE('',*,*,#1778,.T.);
#2592=ORIENTED_EDGE('',*,*,#1846,.F.);
#2593=ORIENTED_EDGE('',*,*,#1797,.T.);
#2594=ORIENTED_EDGE('',*,*,#1847,.T.);
#2595=ORIENTED_EDGE('',*,*,#1779,.T.);
#2596=ORIENTED_EDGE('',*,*,#1847,.F.);
#2597=ORIENTED_EDGE('',*,*,#1793,.T.);
#2598=ORIENTED_EDGE('',*,*,#1848,.T.);
#2599=ORIENTED_EDGE('',*,*,#1780,.T.);
#2600=ORIENTED_EDGE('',*,*,#1848,.F.);
#2601=ORIENTED_EDGE('',*,*,#1785,.T.);
#2602=ORIENTED_EDGE('',*,*,#1849,.T.);
#2603=ORIENTED_EDGE('',*,*,#1781,.T.);
#2604=ORIENTED_EDGE('',*,*,#1849,.F.);
#2605=ORIENTED_EDGE('',*,*,#1771,.F.);
#2606=ORIENTED_EDGE('',*,*,#1850,.T.);
#2607=ORIENTED_EDGE('',*,*,#1835,.F.);
#2608=ORIENTED_EDGE('',*,*,#1851,.F.);
#2609=ORIENTED_EDGE('',*,*,#1772,.T.);
#2610=ORIENTED_EDGE('',*,*,#1851,.T.);
#2611=ORIENTED_EDGE('',*,*,#1842,.F.);
#2612=ORIENTED_EDGE('',*,*,#1852,.F.);
#2613=ORIENTED_EDGE('',*,*,#1773,.F.);
#2614=ORIENTED_EDGE('',*,*,#1852,.T.);
#2615=ORIENTED_EDGE('',*,*,#1841,.F.);
#2616=ORIENTED_EDGE('',*,*,#1853,.F.);
#2617=ORIENTED_EDGE('',*,*,#1774,.T.);
#2618=ORIENTED_EDGE('',*,*,#1853,.T.);
#2619=ORIENTED_EDGE('',*,*,#1840,.F.);
#2620=ORIENTED_EDGE('',*,*,#1854,.F.);
#2621=ORIENTED_EDGE('',*,*,#1775,.F.);
#2622=ORIENTED_EDGE('',*,*,#1854,.T.);
#2623=ORIENTED_EDGE('',*,*,#1839,.F.);
#2624=ORIENTED_EDGE('',*,*,#1855,.F.);
#2625=ORIENTED_EDGE('',*,*,#1776,.T.);
#2626=ORIENTED_EDGE('',*,*,#1855,.T.);
#2627=ORIENTED_EDGE('',*,*,#1838,.F.);
#2628=ORIENTED_EDGE('',*,*,#1856,.F.);
#2629=ORIENTED_EDGE('',*,*,#1777,.F.);
#2630=ORIENTED_EDGE('',*,*,#1856,.T.);
#2631=ORIENTED_EDGE('',*,*,#1837,.F.);
#2632=ORIENTED_EDGE('',*,*,#1857,.F.);
#2633=ORIENTED_EDGE('',*,*,#1770,.T.);
#2634=ORIENTED_EDGE('',*,*,#1857,.T.);
#2635=ORIENTED_EDGE('',*,*,#1836,.F.);
#2636=ORIENTED_EDGE('',*,*,#1850,.F.);
#2637=ORIENTED_EDGE('',*,*,#1765,.T.);
#2638=CYLINDRICAL_SURFACE('',#2898,2.5);
#2639=CYLINDRICAL_SURFACE('',#2900,2.5);
#2640=CYLINDRICAL_SURFACE('',#2902,4.);
#2641=CYLINDRICAL_SURFACE('',#2905,2.5);
#2642=CYLINDRICAL_SURFACE('',#2910,2.5);
#2643=CYLINDRICAL_SURFACE('',#2915,2.5);
#2644=CYLINDRICAL_SURFACE('',#2920,2.65);
#2645=CYLINDRICAL_SURFACE('',#2925,1.5);
#2646=CYLINDRICAL_SURFACE('',#2927,1.49999999999999);
#2647=CYLINDRICAL_SURFACE('',#2929,1.5);
#2648=CYLINDRICAL_SURFACE('',#2931,1.5);
#2649=CYLINDRICAL_SURFACE('',#2933,1.75);
#2650=CYLINDRICAL_SURFACE('',#2937,1.75);
#2651=CYLINDRICAL_SURFACE('',#2958,9.99999999999999);
#2652=CYLINDRICAL_SURFACE('',#2961,9.99999999999999);
#2653=CYLINDRICAL_SURFACE('',#2970,20.);
#2654=CYLINDRICAL_SURFACE('',#2973,12.5);
#2655=CYLINDRICAL_SURFACE('',#2977,9.99999999999998);
#2656=CYLINDRICAL_SURFACE('',#2980,9.99999999999999);
#2657=CYLINDRICAL_SURFACE('',#2985,5.);
#2658=CYLINDRICAL_SURFACE('',#2989,5.);
#2659=CYLINDRICAL_SURFACE('',#2993,5.00000000000002);
#2660=CYLINDRICAL_SURFACE('',#2997,5.);
#2661=CYLINDRICAL_SURFACE('',#3013,3.);
#2662=CYLINDRICAL_SURFACE('',#3019,2.99999999999999);
#2663=CYLINDRICAL_SURFACE('',#3060,2.65);
#2664=CYLINDRICAL_SURFACE('',#3065,2.65);
#2665=CYLINDRICAL_SURFACE('',#3070,1.75);
#2666=CYLINDRICAL_SURFACE('',#3071,1.75);
#2667=CYLINDRICAL_SURFACE('',#3080,4.);
#2668=CYLINDRICAL_SURFACE('',#3082,0.5);
#2669=CYLINDRICAL_SURFACE('',#3083,0.5);
#2670=CYLINDRICAL_SURFACE('',#3084,0.500000000000007);
#2671=CYLINDRICAL_SURFACE('',#3085,0.500000000000007);
#2672=CYLINDRICAL_SURFACE('',#3086,3.00000000000001);
#2673=CYLINDRICAL_SURFACE('',#3087,3.);
#2674=CYLINDRICAL_SURFACE('',#3088,10.);
#2675=CYLINDRICAL_SURFACE('',#3091,10.);
#2676=CYLINDRICAL_SURFACE('',#3110,10.);
#2677=CYLINDRICAL_SURFACE('',#3112,10.);
#2678=CYLINDRICAL_SURFACE('',#3117,8.5);
#2679=CYLINDRICAL_SURFACE('',#3119,8.5);
#2680=CYLINDRICAL_SURFACE('',#3120,1.75);
#2681=CYLINDRICAL_SURFACE('',#3121,1.75);
#2682=CYLINDRICAL_SURFACE('',#3133,27.5);
#2683=CYLINDRICAL_SURFACE('',#3136,30.);
#2684=CYLINDRICAL_SURFACE('',#3148,2.);
#2685=CYLINDRICAL_SURFACE('',#3153,1.99999999999999);
#2686=CYLINDRICAL_SURFACE('',#3158,1.99999999999999);
#2687=CYLINDRICAL_SURFACE('',#3163,2.);
#2688=CYLINDRICAL_SURFACE('',#3185,9.99999999999999);
#2689=CYLINDRICAL_SURFACE('',#3188,10.);
#2690=CYLINDRICAL_SURFACE('',#3199,9.99999999999999);
#2691=CYLINDRICAL_SURFACE('',#3201,10.);
#2692=CYLINDRICAL_SURFACE('',#3202,0.500000000000007);
#2693=CYLINDRICAL_SURFACE('',#3203,0.5);
#2694=CYLINDRICAL_SURFACE('',#3204,0.500000000000007);
#2695=CYLINDRICAL_SURFACE('',#3205,0.5);
#2696=CYLINDRICAL_SURFACE('',#3207,5.);
#2697=CYLINDRICAL_SURFACE('',#3209,4.99999999999999);
#2698=CYLINDRICAL_SURFACE('',#3211,5.00000000000002);
#2699=CYLINDRICAL_SURFACE('',#3213,5.);
#2700=ADVANCED_FACE('',(#194),#2638,.F.);
#2701=ADVANCED_FACE('',(#195),#2639,.F.);
#2702=ADVANCED_FACE('',(#196,#137,#138),#2640,.F.);
#2703=ADVANCED_FACE('',(#197),#2641,.F.);
#2704=ADVANCED_FACE('',(#198,#139),#42,.T.);
#2705=ADVANCED_FACE('',(#199),#2642,.F.);
#2706=ADVANCED_FACE('',(#200,#140),#43,.T.);
#2707=ADVANCED_FACE('',(#201),#2643,.F.);
#2708=ADVANCED_FACE('',(#202,#141),#44,.T.);
#2709=ADVANCED_FACE('',(#203),#2644,.F.);
#2710=ADVANCED_FACE('',(#204,#142),#45,.T.);
#2711=ADVANCED_FACE('',(#205),#2645,.F.);
#2712=ADVANCED_FACE('',(#206),#2646,.F.);
#2713=ADVANCED_FACE('',(#207),#2647,.F.);
#2714=ADVANCED_FACE('',(#208),#2648,.F.);
#2715=ADVANCED_FACE('',(#209),#2649,.F.);
#2716=ADVANCED_FACE('',(#210),#46,.T.);
#2717=ADVANCED_FACE('',(#211),#2650,.F.);
#2718=ADVANCED_FACE('',(#212),#47,.T.);
#2719=ADVANCED_FACE('',(#213),#30,.T.);
#2720=ADVANCED_FACE('',(#214),#48,.T.);
#2721=ADVANCED_FACE('',(#215),#31,.T.);
#2722=ADVANCED_FACE('',(#216),#49,.T.);
#2723=ADVANCED_FACE('',(#217),#32,.T.);
#2724=ADVANCED_FACE('',(#218),#50,.T.);
#2725=ADVANCED_FACE('',(#219),#33,.T.);
#2726=ADVANCED_FACE('',(#220),#51,.T.);
#2727=ADVANCED_FACE('',(#221),#52,.T.);
#2728=ADVANCED_FACE('',(#222),#2651,.T.);
#2729=ADVANCED_FACE('',(#223,#143),#53,.T.);
#2730=ADVANCED_FACE('',(#224),#2652,.T.);
#2731=ADVANCED_FACE('',(#225,#144,#145,#146,#147,#148),#54,.T.);
#2732=ADVANCED_FACE('',(#226),#29,.T.);
#2733=ADVANCED_FACE('',(#227),#2653,.T.);
#2734=ADVANCED_FACE('',(#228,#149),#55,.T.);
#2735=ADVANCED_FACE('',(#229),#2654,.T.);
#2736=ADVANCED_FACE('',(#230,#150,#151,#152),#56,.T.);
#2737=ADVANCED_FACE('',(#231),#57,.T.);
#2738=ADVANCED_FACE('',(#232),#2655,.T.);
#2739=ADVANCED_FACE('',(#233,#153),#58,.T.);
#2740=ADVANCED_FACE('',(#234),#2656,.T.);
#2741=ADVANCED_FACE('',(#235,#154,#155,#156,#157,#158),#59,.F.);
#2742=ADVANCED_FACE('',(#236),#60,.F.);
#2743=ADVANCED_FACE('',(#237),#2657,.F.);
#2744=ADVANCED_FACE('',(#238),#61,.F.);
#2745=ADVANCED_FACE('',(#239),#2658,.F.);
#2746=ADVANCED_FACE('',(#240),#62,.F.);
#2747=ADVANCED_FACE('',(#241),#2659,.F.);
#2748=ADVANCED_FACE('',(#242),#63,.F.);
#2749=ADVANCED_FACE('',(#243),#2660,.F.);
#2750=ADVANCED_FACE('',(#244,#159,#160,#161,#162,#163),#64,.T.);
#2751=ADVANCED_FACE('',(#245,#164),#65,.T.);
#2752=ADVANCED_FACE('',(#246),#66,.T.);
#2753=ADVANCED_FACE('',(#247),#2661,.T.);
#2754=ADVANCED_FACE('',(#248),#67,.T.);
#2755=ADVANCED_FACE('',(#249),#68,.T.);
#2756=ADVANCED_FACE('',(#250),#2662,.T.);
#2757=ADVANCED_FACE('',(#251),#69,.T.);
#2758=ADVANCED_FACE('',(#252),#70,.T.);
#2759=ADVANCED_FACE('',(#253),#71,.T.);
#2760=ADVANCED_FACE('',(#254),#72,.T.);
#2761=ADVANCED_FACE('',(#255),#73,.T.);
#2762=ADVANCED_FACE('',(#256),#74,.T.);
#2763=ADVANCED_FACE('',(#257),#75,.T.);
#2764=ADVANCED_FACE('',(#258),#76,.T.);
#2765=ADVANCED_FACE('',(#259),#77,.F.);
#2766=ADVANCED_FACE('',(#260,#165,#166,#167,#168,#169),#78,.T.);
#2767=ADVANCED_FACE('',(#261),#79,.T.);
#2768=ADVANCED_FACE('',(#262),#80,.T.);
#2769=ADVANCED_FACE('',(#263),#81,.T.);
#2770=ADVANCED_FACE('',(#264),#82,.T.);
#2771=ADVANCED_FACE('',(#265),#83,.T.);
#2772=ADVANCED_FACE('',(#266),#84,.T.);
#2773=ADVANCED_FACE('',(#267),#85,.T.);
#2774=ADVANCED_FACE('',(#268),#86,.T.);
#2775=ADVANCED_FACE('',(#269),#87,.T.);
#2776=ADVANCED_FACE('',(#270),#88,.T.);
#2777=ADVANCED_FACE('',(#271),#89,.T.);
#2778=ADVANCED_FACE('',(#272),#90,.T.);
#2779=ADVANCED_FACE('',(#273),#91,.F.);
#2780=ADVANCED_FACE('',(#274),#2663,.F.);
#2781=ADVANCED_FACE('',(#275,#170),#92,.T.);
#2782=ADVANCED_FACE('',(#276),#2664,.F.);
#2783=ADVANCED_FACE('',(#277,#171),#93,.T.);
#2784=ADVANCED_FACE('',(#278),#2665,.F.);
#2785=ADVANCED_FACE('',(#279),#2666,.F.);
#2786=ADVANCED_FACE('',(#280),#94,.F.);
#2787=ADVANCED_FACE('',(#281),#95,.F.);
#2788=ADVANCED_FACE('',(#282,#172),#96,.T.);
#2789=ADVANCED_FACE('',(#283),#2667,.F.);
#2790=ADVANCED_FACE('',(#284),#2668,.F.);
#2791=ADVANCED_FACE('',(#285),#2669,.F.);
#2792=ADVANCED_FACE('',(#286),#2670,.F.);
#2793=ADVANCED_FACE('',(#287),#2671,.F.);
#2794=ADVANCED_FACE('',(#288),#2672,.T.);
#2795=ADVANCED_FACE('',(#289),#2673,.T.);
#2796=ADVANCED_FACE('',(#290),#2674,.T.);
#2797=ADVANCED_FACE('',(#291),#97,.T.);
#2798=ADVANCED_FACE('',(#292),#2675,.T.);
#2799=ADVANCED_FACE('',(#293,#173),#98,.T.);
#2800=ADVANCED_FACE('',(#294),#99,.T.);
#2801=ADVANCED_FACE('',(#295),#34,.T.);
#2802=ADVANCED_FACE('',(#296),#100,.T.);
#2803=ADVANCED_FACE('',(#297),#35,.T.);
#2804=ADVANCED_FACE('',(#298),#101,.T.);
#2805=ADVANCED_FACE('',(#299),#36,.T.);
#2806=ADVANCED_FACE('',(#300),#102,.T.);
#2807=ADVANCED_FACE('',(#301),#37,.T.);
#2808=ADVANCED_FACE('',(#302),#2676,.T.);
#2809=ADVANCED_FACE('',(#303),#103,.T.);
#2810=ADVANCED_FACE('',(#304),#2677,.T.);
#2811=ADVANCED_FACE('',(#305,#174,#175,#176,#177,#178),#104,.F.);
#2812=ADVANCED_FACE('',(#306),#105,.F.);
#2813=ADVANCED_FACE('',(#307),#2678,.F.);
#2814=ADVANCED_FACE('',(#308),#106,.F.);
#2815=ADVANCED_FACE('',(#309),#2679,.F.);
#2816=ADVANCED_FACE('',(#310),#2680,.F.);
#2817=ADVANCED_FACE('',(#311),#2681,.F.);
#2818=ADVANCED_FACE('',(#312),#107,.T.);
#2819=ADVANCED_FACE('',(#313),#108,.F.);
#2820=ADVANCED_FACE('',(#314),#109,.F.);
#2821=ADVANCED_FACE('',(#315),#110,.F.);
#2822=ADVANCED_FACE('',(#316),#111,.T.);
#2823=ADVANCED_FACE('',(#317),#112,.F.);
#2824=ADVANCED_FACE('',(#318),#113,.F.);
#2825=ADVANCED_FACE('',(#319),#114,.F.);
#2826=ADVANCED_FACE('',(#320),#115,.T.);
#2827=ADVANCED_FACE('',(#321),#2682,.F.);
#2828=ADVANCED_FACE('',(#322),#2683,.T.);
#2829=ADVANCED_FACE('',(#323,#179),#116,.T.);
#2830=ADVANCED_FACE('',(#324,#180,#181,#182,#183,#184),#117,.F.);
#2831=ADVANCED_FACE('',(#325),#2684,.F.);
#2832=ADVANCED_FACE('',(#326,#185),#118,.T.);
#2833=ADVANCED_FACE('',(#327),#2685,.F.);
#2834=ADVANCED_FACE('',(#328,#186),#119,.T.);
#2835=ADVANCED_FACE('',(#329),#2686,.F.);
#2836=ADVANCED_FACE('',(#330,#187),#120,.T.);
#2837=ADVANCED_FACE('',(#331),#2687,.F.);
#2838=ADVANCED_FACE('',(#332,#188),#121,.T.);
#2839=ADVANCED_FACE('',(#333),#38,.T.);
#2840=ADVANCED_FACE('',(#334),#122,.T.);
#2841=ADVANCED_FACE('',(#335),#39,.T.);
#2842=ADVANCED_FACE('',(#336),#123,.T.);
#2843=ADVANCED_FACE('',(#337),#40,.T.);
#2844=ADVANCED_FACE('',(#338),#124,.T.);
#2845=ADVANCED_FACE('',(#339),#41,.T.);
#2846=ADVANCED_FACE('',(#340),#125,.T.);
#2847=ADVANCED_FACE('',(#341),#126,.T.);
#2848=ADVANCED_FACE('',(#342),#2688,.T.);
#2849=ADVANCED_FACE('',(#343),#127,.T.);
#2850=ADVANCED_FACE('',(#344),#2689,.T.);
#2851=ADVANCED_FACE('',(#345,#189,#190,#191,#192),#128,.T.);
#2852=ADVANCED_FACE('',(#346,#193),#129,.F.);
#2853=ADVANCED_FACE('',(#347),#130,.T.);
#2854=ADVANCED_FACE('',(#348),#2690,.T.);
#2855=ADVANCED_FACE('',(#349),#131,.T.);
#2856=ADVANCED_FACE('',(#350),#2691,.T.);
#2857=ADVANCED_FACE('',(#351),#2692,.F.);
#2858=ADVANCED_FACE('',(#352),#2693,.F.);
#2859=ADVANCED_FACE('',(#353),#2694,.F.);
#2860=ADVANCED_FACE('',(#354),#2695,.F.);
#2861=ADVANCED_FACE('',(#355),#132,.T.);
#2862=ADVANCED_FACE('',(#356),#2696,.T.);
#2863=ADVANCED_FACE('',(#357),#133,.T.);
#2864=ADVANCED_FACE('',(#358),#2697,.T.);
#2865=ADVANCED_FACE('',(#359),#134,.T.);
#2866=ADVANCED_FACE('',(#360),#2698,.T.);
#2867=ADVANCED_FACE('',(#361),#135,.T.);
#2868=ADVANCED_FACE('',(#362),#2699,.T.);
#2869=ADVANCED_FACE('',(#363),#136,.F.);
#2870=CLOSED_SHELL('',(#2700,#2701,#2702,#2703,#2704,#2705,#2706,#2707,
#2708,#2709,#2710,#2711,#2712,#2713,#2714,#2715,#2716,#2717,#2718,#2719,
#2720,#2721,#2722,#2723,#2724,#2725,#2726,#2727,#2728,#2729,#2730,#2731,
#2732,#2733,#2734,#2735,#2736,#2737,#2738,#2739,#2740,#2741));
#2871=CLOSED_SHELL('',(#2742,#2743,#2744,#2745,#2746,#2747,#2748,#2749,
#2750,#2751,#2752,#2753,#2754,#2755,#2756,#2757,#2758,#2759,#2760,#2761,
#2762,#2763,#2764,#2765,#2766,#2767,#2768,#2769,#2770,#2771,#2772,#2773,
#2774,#2775,#2776,#2777,#2778,#2779,#2780,#2781,#2782,#2783,#2784,#2785,
#2786,#2787,#2788,#2789,#2790,#2791,#2792,#2793,#2794,#2795,#2796,#2797,
#2798,#2799,#2800,#2801,#2802,#2803,#2804,#2805,#2806,#2807,#2808,#2809,
#2810,#2811,#2812,#2813,#2814,#2815,#2816,#2817,#2818));
#2872=CLOSED_SHELL('',(#2819,#2820,#2821,#2822,#2823,#2824,#2825,#2826,
#2827,#2828,#2829,#2830,#2831,#2832,#2833,#2834,#2835,#2836,#2837,#2838,
#2839,#2840,#2841,#2842,#2843,#2844,#2845,#2846,#2847,#2848,#2849,#2850,
#2851,#2852,#2853,#2854,#2855,#2856,#2857,#2858,#2859,#2860,#2861,#2862,
#2863,#2864,#2865,#2866,#2867,#2868,#2869));
#2873=DERIVED_UNIT_ELEMENT(#2877,1.);
#2874=DERIVED_UNIT_ELEMENT(#4988,-3.);
#2875=DERIVED_UNIT_ELEMENT(#2877,1.);
#2876=DERIVED_UNIT_ELEMENT(#4988,-3.);
#2877=(
MASS_UNIT()
NAMED_UNIT(*)
SI_UNIT(.KILO.,.GRAM.)
);
#2878=DERIVED_UNIT((#2873,#2874));
#2879=DERIVED_UNIT((#2875,#2876));
#2880=MEASURE_REPRESENTATION_ITEM('density measure',
POSITIVE_RATIO_MEASURE(7850.),#2878);
#2881=MEASURE_REPRESENTATION_ITEM('density measure',
POSITIVE_RATIO_MEASURE(7850.),#2879);
#2882=PROPERTY_DEFINITION_REPRESENTATION(#2892,#2886);
#2883=PROPERTY_DEFINITION_REPRESENTATION(#2893,#2887);
#2884=PROPERTY_DEFINITION_REPRESENTATION(#2894,#2888);
#2885=PROPERTY_DEFINITION_REPRESENTATION(#2895,#2889);
#2886=REPRESENTATION('material name',(#2890),#4984);
#2887=REPRESENTATION('density',(#2880),#4984);
#2888=REPRESENTATION('material name',(#2891),#4985);
#2889=REPRESENTATION('density',(#2881),#4985);
#2890=DESCRIPTIVE_REPRESENTATION_ITEM('Steel','Steel');
#2891=DESCRIPTIVE_REPRESENTATION_ITEM('Steel','Steel');
#2892=PROPERTY_DEFINITION('material property','material name',#5004);
#2893=PROPERTY_DEFINITION('material property','density of part',#5004);
#2894=PROPERTY_DEFINITION('material property','material name',#5005);
#2895=PROPERTY_DEFINITION('material property','density of part',#5005);
#2896=AXIS2_PLACEMENT_3D('',#4099,#3217,#3218);
#2897=AXIS2_PLACEMENT_3D('',#4100,#3219,#3220);
#2898=AXIS2_PLACEMENT_3D('',#4101,#3221,#3222);
#2899=AXIS2_PLACEMENT_3D('',#4103,#3223,#3224);
#2900=AXIS2_PLACEMENT_3D('',#4143,#3226,#3227);
#2901=AXIS2_PLACEMENT_3D('',#4184,#3229,#3230);
#2902=AXIS2_PLACEMENT_3D('',#4185,#3231,#3232);
#2903=AXIS2_PLACEMENT_3D('',#4187,#3233,#3234);
#2904=AXIS2_PLACEMENT_3D('',#4190,#3236,#3237);
#2905=AXIS2_PLACEMENT_3D('',#4191,#3238,#3239);
#2906=AXIS2_PLACEMENT_3D('',#4193,#3240,#3241);
#2907=AXIS2_PLACEMENT_3D('',#4196,#3243,#3244);
#2908=AXIS2_PLACEMENT_3D('',#4197,#3245,#3246);
#2909=AXIS2_PLACEMENT_3D('',#4199,#3247,#3248);
#2910=AXIS2_PLACEMENT_3D('',#4200,#3249,#3250);
#2911=AXIS2_PLACEMENT_3D('',#4202,#3251,#3252);
#2912=AXIS2_PLACEMENT_3D('',#4205,#3254,#3255);
#2913=AXIS2_PLACEMENT_3D('',#4206,#3256,#3257);
#2914=AXIS2_PLACEMENT_3D('',#4208,#3258,#3259);
#2915=AXIS2_PLACEMENT_3D('',#4209,#3260,#3261);
#2916=AXIS2_PLACEMENT_3D('',#4211,#3262,#3263);
#2917=AXIS2_PLACEMENT_3D('',#4214,#3265,#3266);
#2918=AXIS2_PLACEMENT_3D('',#4215,#3267,#3268);
#2919=AXIS2_PLACEMENT_3D('',#4217,#3269,#3270);
#2920=AXIS2_PLACEMENT_3D('',#4218,#3271,#3272);
#2921=AXIS2_PLACEMENT_3D('',#4220,#3273,#3274);
#2922=AXIS2_PLACEMENT_3D('',#4223,#3276,#3277);
#2923=AXIS2_PLACEMENT_3D('',#4224,#3278,#3279);
#2924=AXIS2_PLACEMENT_3D('',#4226,#3280,#3281);
#2925=AXIS2_PLACEMENT_3D('',#4227,#3282,#3283);
#2926=AXIS2_PLACEMENT_3D('',#4230,#3285,#3286);
#2927=AXIS2_PLACEMENT_3D('',#4231,#3287,#3288);
#2928=AXIS2_PLACEMENT_3D('',#4234,#3290,#3291);
#2929=AXIS2_PLACEMENT_3D('',#4235,#3292,#3293);
#2930=AXIS2_PLACEMENT_3D('',#4238,#3295,#3296);
#2931=AXIS2_PLACEMENT_3D('',#4239,#3297,#3298);
#2932=AXIS2_PLACEMENT_3D('',#4242,#3300,#3301);
#2933=AXIS2_PLACEMENT_3D('',#4243,#3302,#3303);
#2934=AXIS2_PLACEMENT_3D('',#4245,#3304,#3305);
#2935=AXIS2_PLACEMENT_3D('',#4248,#3307,#3308);
#2936=AXIS2_PLACEMENT_3D('',#4249,#3309,#3310);
#2937=AXIS2_PLACEMENT_3D('',#4250,#3311,#3312);
#2938=AXIS2_PLACEMENT_3D('',#4252,#3313,#3314);
#2939=AXIS2_PLACEMENT_3D('',#4255,#3316,#3317);
#2940=AXIS2_PLACEMENT_3D('',#4256,#3318,#3319);
#2941=AXIS2_PLACEMENT_3D('',#4257,#3320,#3321);
#2942=AXIS2_PLACEMENT_3D('',#4262,#3323,#3324);
#2943=AXIS2_PLACEMENT_3D('',#4265,#3326,#3327);
#2944=AXIS2_PLACEMENT_3D('',#4266,#3328,#3329);
#2945=AXIS2_PLACEMENT_3D('',#4272,#3333,#3334);
#2946=AXIS2_PLACEMENT_3D('',#4276,#3336,#3337);
#2947=AXIS2_PLACEMENT_3D('',#4277,#3338,#3339);
#2948=AXIS2_PLACEMENT_3D('',#4278,#3340,#3341);
#2949=AXIS2_PLACEMENT_3D('',#4284,#3345,#3346);
#2950=AXIS2_PLACEMENT_3D('',#4288,#3348,#3349);
#2951=AXIS2_PLACEMENT_3D('',#4289,#3350,#3351);
#2952=AXIS2_PLACEMENT_3D('',#4290,#3352,#3353);
#2953=AXIS2_PLACEMENT_3D('',#4296,#3357,#3358);
#2954=AXIS2_PLACEMENT_3D('',#4300,#3360,#3361);
#2955=AXIS2_PLACEMENT_3D('',#4301,#3362,#3363);
#2956=AXIS2_PLACEMENT_3D('',#4302,#3364,#3365);
#2957=AXIS2_PLACEMENT_3D('',#4305,#3368,#3369);
#2958=AXIS2_PLACEMENT_3D('',#4311,#3373,#3374);
#2959=AXIS2_PLACEMENT_3D('',#4314,#3376,#3377);
#2960=AXIS2_PLACEMENT_3D('',#4315,#3378,#3379);
#2961=AXIS2_PLACEMENT_3D('',#4319,#3382,#3383);
#2962=AXIS2_PLACEMENT_3D('',#4322,#3385,#3386);
#2963=AXIS2_PLACEMENT_3D('',#4323,#3387,#3388);
#2964=AXIS2_PLACEMENT_3D('',#4325,#3389,#3390);
#2965=AXIS2_PLACEMENT_3D('',#4326,#3391,#3392);
#2966=AXIS2_PLACEMENT_3D('',#4328,#3393,#3394);
#2967=AXIS2_PLACEMENT_3D('',#4330,#3395,#3396);
#2968=AXIS2_PLACEMENT_3D('',#4332,#3397,#3398);
#2969=AXIS2_PLACEMENT_3D('',#4333,#3399,#3400);
#2970=AXIS2_PLACEMENT_3D('',#4334,#3401,#3402);
#2971=AXIS2_PLACEMENT_3D('',#4336,#3404,#3405);
#2972=AXIS2_PLACEMENT_3D('',#4338,#3406,#3407);
#2973=AXIS2_PLACEMENT_3D('',#4339,#3408,#3409);
#2974=AXIS2_PLACEMENT_3D('',#4341,#3410,#3411);
#2975=AXIS2_PLACEMENT_3D('',#4343,#3413,#3414);
#2976=AXIS2_PLACEMENT_3D('',#4344,#3415,#3416);
#2977=AXIS2_PLACEMENT_3D('',#4348,#3419,#3420);
#2978=AXIS2_PLACEMENT_3D('',#4351,#3422,#3423);
#2979=AXIS2_PLACEMENT_3D('',#4352,#3424,#3425);
#2980=AXIS2_PLACEMENT_3D('',#4356,#3428,#3429);
#2981=AXIS2_PLACEMENT_3D('',#4357,#3430,#3431);
#2982=AXIS2_PLACEMENT_3D('',#4358,#3432,#3433);
#2983=AXIS2_PLACEMENT_3D('',#4359,#3434,#3435);
#2984=AXIS2_PLACEMENT_3D('',#4360,#3436,#3437);
#2985=AXIS2_PLACEMENT_3D('',#4369,#3442,#3443);
#2986=AXIS2_PLACEMENT_3D('',#4371,#3444,#3445);
#2987=AXIS2_PLACEMENT_3D('',#4374,#3447,#3448);
#2988=AXIS2_PLACEMENT_3D('',#4375,#3449,#3450);
#2989=AXIS2_PLACEMENT_3D('',#4381,#3454,#3455);
#2990=AXIS2_PLACEMENT_3D('',#4383,#3456,#3457);
#2991=AXIS2_PLACEMENT_3D('',#4386,#3459,#3460);
#2992=AXIS2_PLACEMENT_3D('',#4387,#3461,#3462);
#2993=AXIS2_PLACEMENT_3D('',#4393,#3466,#3467);
#2994=AXIS2_PLACEMENT_3D('',#4395,#3468,#3469);
#2995=AXIS2_PLACEMENT_3D('',#4398,#3471,#3472);
#2996=AXIS2_PLACEMENT_3D('',#4399,#3473,#3474);
#2997=AXIS2_PLACEMENT_3D('',#4405,#3478,#3479);
#2998=AXIS2_PLACEMENT_3D('',#4406,#3480,#3481);
#2999=AXIS2_PLACEMENT_3D('',#4407,#3482,#3483);
#3000=AXIS2_PLACEMENT_3D('',#4408,#3484,#3485);
#3001=AXIS2_PLACEMENT_3D('',#4410,#3486,#3487);
#3002=AXIS2_PLACEMENT_3D('',#4412,#3488,#3489);
#3003=AXIS2_PLACEMENT_3D('',#4419,#3492,#3493);
#3004=AXIS2_PLACEMENT_3D('',#4427,#3497,#3498);
#3005=AXIS2_PLACEMENT_3D('',#4439,#3504,#3505);
#3006=AXIS2_PLACEMENT_3D('',#4447,#3509,#3510);
#3007=AXIS2_PLACEMENT_3D('',#4454,#3514,#3515);
#3008=AXIS2_PLACEMENT_3D('',#4456,#3516,#3517);
#3009=AXIS2_PLACEMENT_3D('',#4457,#3518,#3519);
#3010=AXIS2_PLACEMENT_3D('',#4467,#3524,#3525);
#3011=AXIS2_PLACEMENT_3D('',#4470,#3527,#3528);
#3012=AXIS2_PLACEMENT_3D('',#4471,#3529,#3530);
#3013=AXIS2_PLACEMENT_3D('',#4477,#3534,#3535);
#3014=AXIS2_PLACEMENT_3D('',#4481,#3537,#3538);
#3015=AXIS2_PLACEMENT_3D('',#4483,#3539,#3540);
#3016=AXIS2_PLACEMENT_3D('',#4484,#3541,#3542);
#3017=AXIS2_PLACEMENT_3D('',#4485,#3543,#3544);
#3018=AXIS2_PLACEMENT_3D('',#4489,#3547,#3548);
#3019=AXIS2_PLACEMENT_3D('',#4495,#3552,#3553);
#3020=AXIS2_PLACEMENT_3D('',#4499,#3555,#3556);
#3021=AXIS2_PLACEMENT_3D('',#4501,#3557,#3558);
#3022=AXIS2_PLACEMENT_3D('',#4502,#3559,#3560);
#3023=AXIS2_PLACEMENT_3D('',#4503,#3561,#3562);
#3024=AXIS2_PLACEMENT_3D('',#4507,#3565,#3566);
#3025=AXIS2_PLACEMENT_3D('',#4517,#3575,#3576);
#3026=AXIS2_PLACEMENT_3D('',#4519,#3577,#3578);
#3027=AXIS2_PLACEMENT_3D('',#4520,#3579,#3580);
#3028=AXIS2_PLACEMENT_3D('',#4521,#3581,#3582);
#3029=AXIS2_PLACEMENT_3D('',#4523,#3583,#3584);
#3030=AXIS2_PLACEMENT_3D('',#4524,#3585,#3586);
#3031=AXIS2_PLACEMENT_3D('',#4525,#3587,#3588);
#3032=AXIS2_PLACEMENT_3D('',#4526,#3589,#3590);
#3033=AXIS2_PLACEMENT_3D('',#4527,#3591,#3592);
#3034=AXIS2_PLACEMENT_3D('',#4528,#3593,#3594);
#3035=AXIS2_PLACEMENT_3D('',#4533,#3597,#3598);
#3036=AXIS2_PLACEMENT_3D('',#4535,#3599,#3600);
#3037=AXIS2_PLACEMENT_3D('',#4537,#3601,#3602);
#3038=AXIS2_PLACEMENT_3D('',#4539,#3603,#3604);
#3039=AXIS2_PLACEMENT_3D('',#4541,#3605,#3606);
#3040=AXIS2_PLACEMENT_3D('',#4542,#3607,#3608);
#3041=AXIS2_PLACEMENT_3D('',#4544,#3610,#3611);
#3042=AXIS2_PLACEMENT_3D('',#4550,#3615,#3616);
#3043=AXIS2_PLACEMENT_3D('',#4556,#3620,#3621);
#3044=AXIS2_PLACEMENT_3D('',#4558,#3622,#3623);
#3045=AXIS2_PLACEMENT_3D('',#4559,#3624,#3625);
#3046=AXIS2_PLACEMENT_3D('',#4561,#3626,#3627);
#3047=AXIS2_PLACEMENT_3D('',#4563,#3629,#3630);
#3048=AXIS2_PLACEMENT_3D('',#4565,#3631,#3632);
#3049=AXIS2_PLACEMENT_3D('',#4566,#3633,#3634);
#3050=AXIS2_PLACEMENT_3D('',#4569,#3635,#3636);
#3051=AXIS2_PLACEMENT_3D('',#4573,#3639,#3640);
#3052=AXIS2_PLACEMENT_3D('',#4576,#3641,#3642);
#3053=AXIS2_PLACEMENT_3D('',#4580,#3645,#3646);
#3054=AXIS2_PLACEMENT_3D('',#4582,#3647,#3648);
#3055=AXIS2_PLACEMENT_3D('',#4584,#3650,#3651);
#3056=AXIS2_PLACEMENT_3D('',#4587,#3654,#3655);
#3057=AXIS2_PLACEMENT_3D('',#4590,#3658,#3659);
#3058=AXIS2_PLACEMENT_3D('',#4593,#3662,#3663);
#3059=AXIS2_PLACEMENT_3D('',#4594,#3664,#3665);
#3060=AXIS2_PLACEMENT_3D('',#4595,#3666,#3667);
#3061=AXIS2_PLACEMENT_3D('',#4597,#3668,#3669);
#3062=AXIS2_PLACEMENT_3D('',#4600,#3671,#3672);
#3063=AXIS2_PLACEMENT_3D('',#4601,#3673,#3674);
#3064=AXIS2_PLACEMENT_3D('',#4603,#3675,#3676);
#3065=AXIS2_PLACEMENT_3D('',#4604,#3677,#3678);
#3066=AXIS2_PLACEMENT_3D('',#4606,#3679,#3680);
#3067=AXIS2_PLACEMENT_3D('',#4609,#3682,#3683);
#3068=AXIS2_PLACEMENT_3D('',#4610,#3684,#3685);
#3069=AXIS2_PLACEMENT_3D('',#4612,#3686,#3687);
#3070=AXIS2_PLACEMENT_3D('',#4613,#3688,#3689);
#3071=AXIS2_PLACEMENT_3D('',#4615,#3691,#3692);
#3072=AXIS2_PLACEMENT_3D('',#4617,#3694,#3695);
#3073=AXIS2_PLACEMENT_3D('',#4618,#3696,#3697);
#3074=AXIS2_PLACEMENT_3D('',#4619,#3698,#3699);
#3075=AXIS2_PLACEMENT_3D('',#4620,#3700,#3701);
#3076=AXIS2_PLACEMENT_3D('',#4623,#3702,#3703);
#3077=AXIS2_PLACEMENT_3D('',#4627,#3705,#3706);
#3078=AXIS2_PLACEMENT_3D('',#4631,#3708,#3709);
#3079=AXIS2_PLACEMENT_3D('',#4635,#3711,#3712);
#3080=AXIS2_PLACEMENT_3D('',#4637,#3714,#3715);
#3081=AXIS2_PLACEMENT_3D('',#4639,#3716,#3717);
#3082=AXIS2_PLACEMENT_3D('',#4641,#3719,#3720);
#3083=AXIS2_PLACEMENT_3D('',#4643,#3722,#3723);
#3084=AXIS2_PLACEMENT_3D('',#4645,#3725,#3726);
#3085=AXIS2_PLACEMENT_3D('',#4647,#3728,#3729);
#3086=AXIS2_PLACEMENT_3D('',#4649,#3731,#3732);
#3087=AXIS2_PLACEMENT_3D('',#4650,#3733,#3734);
#3088=AXIS2_PLACEMENT_3D('',#4651,#3735,#3736);
#3089=AXIS2_PLACEMENT_3D('',#4655,#3738,#3739);
#3090=AXIS2_PLACEMENT_3D('',#4657,#3741,#3742);
#3091=AXIS2_PLACEMENT_3D('',#4661,#3745,#3746);
#3092=AXIS2_PLACEMENT_3D('',#4664,#3748,#3749);
#3093=AXIS2_PLACEMENT_3D('',#4665,#3750,#3751);
#3094=AXIS2_PLACEMENT_3D('',#4673,#3755,#3756);
#3095=AXIS2_PLACEMENT_3D('',#4676,#3758,#3759);
#3096=AXIS2_PLACEMENT_3D('',#4677,#3760,#3761);
#3097=AXIS2_PLACEMENT_3D('',#4683,#3765,#3766);
#3098=AXIS2_PLACEMENT_3D('',#4685,#3767,#3768);
#3099=AXIS2_PLACEMENT_3D('',#4688,#3770,#3771);
#3100=AXIS2_PLACEMENT_3D('',#4689,#3772,#3773);
#3101=AXIS2_PLACEMENT_3D('',#4695,#3777,#3778);
#3102=AXIS2_PLACEMENT_3D('',#4697,#3779,#3780);
#3103=AXIS2_PLACEMENT_3D('',#4700,#3782,#3783);
#3104=AXIS2_PLACEMENT_3D('',#4701,#3784,#3785);
#3105=AXIS2_PLACEMENT_3D('',#4706,#3789,#3790);
#3106=AXIS2_PLACEMENT_3D('',#4709,#3792,#3793);
#3107=AXIS2_PLACEMENT_3D('',#4710,#3794,#3795);
#3108=AXIS2_PLACEMENT_3D('',#4714,#3798,#3799);
#3109=AXIS2_PLACEMENT_3D('',#4715,#3800,#3801);
#3110=AXIS2_PLACEMENT_3D('',#4716,#3802,#3803);
#3111=AXIS2_PLACEMENT_3D('',#4719,#3806,#3807);
#3112=AXIS2_PLACEMENT_3D('',#4721,#3809,#3810);
#3113=AXIS2_PLACEMENT_3D('',#4722,#3811,#3812);
#3114=AXIS2_PLACEMENT_3D('',#4724,#3813,#3814);
#3115=AXIS2_PLACEMENT_3D('',#4726,#3815,#3816);
#3116=AXIS2_PLACEMENT_3D('',#4727,#3817,#3818);
#3117=AXIS2_PLACEMENT_3D('',#4730,#3821,#3822);
#3118=AXIS2_PLACEMENT_3D('',#4732,#3824,#3825);
#3119=AXIS2_PLACEMENT_3D('',#4734,#3827,#3828);
#3120=AXIS2_PLACEMENT_3D('',#4735,#3829,#3830);
#3121=AXIS2_PLACEMENT_3D('',#4737,#3832,#3833);
#3122=AXIS2_PLACEMENT_3D('',#4739,#3835,#3836);
#3123=AXIS2_PLACEMENT_3D('',#4740,#3837,#3838);
#3124=AXIS2_PLACEMENT_3D('',#4749,#3843,#3844);
#3125=AXIS2_PLACEMENT_3D('',#4755,#3848,#3849);
#3126=AXIS2_PLACEMENT_3D('',#4761,#3853,#3854);
#3127=AXIS2_PLACEMENT_3D('',#4762,#3855,#3856);
#3128=AXIS2_PLACEMENT_3D('',#4763,#3857,#3858);
#3129=AXIS2_PLACEMENT_3D('',#4769,#3862,#3863);
#3130=AXIS2_PLACEMENT_3D('',#4775,#3867,#3868);
#3131=AXIS2_PLACEMENT_3D('',#4778,#3871,#3872);
#3132=AXIS2_PLACEMENT_3D('',#4779,#3873,#3874);
#3133=AXIS2_PLACEMENT_3D('',#4780,#3875,#3876);
#3134=AXIS2_PLACEMENT_3D('',#4782,#3877,#3878);
#3135=AXIS2_PLACEMENT_3D('',#4785,#3880,#3881);
#3136=AXIS2_PLACEMENT_3D('',#4786,#3882,#3883);
#3137=AXIS2_PLACEMENT_3D('',#4788,#3884,#3885);
#3138=AXIS2_PLACEMENT_3D('',#4792,#3889,#3890);
#3139=AXIS2_PLACEMENT_3D('',#4793,#3891,#3892);
#3140=AXIS2_PLACEMENT_3D('',#4796,#3893,#3894);
#3141=AXIS2_PLACEMENT_3D('',#4800,#3896,#3897);
#3142=AXIS2_PLACEMENT_3D('',#4804,#3899,#3900);
#3143=AXIS2_PLACEMENT_3D('',#4808,#3902,#3903);
#3144=AXIS2_PLACEMENT_3D('',#4811,#3905,#3906);
#3145=AXIS2_PLACEMENT_3D('',#4813,#3907,#3908);
#3146=AXIS2_PLACEMENT_3D('',#4815,#3909,#3910);
#3147=AXIS2_PLACEMENT_3D('',#4817,#3911,#3912);
#3148=AXIS2_PLACEMENT_3D('',#4818,#3913,#3914);
#3149=AXIS2_PLACEMENT_3D('',#4820,#3915,#3916);
#3150=AXIS2_PLACEMENT_3D('',#4823,#3918,#3919);
#3151=AXIS2_PLACEMENT_3D('',#4824,#3920,#3921);
#3152=AXIS2_PLACEMENT_3D('',#4826,#3922,#3923);
#3153=AXIS2_PLACEMENT_3D('',#4827,#3924,#3925);
#3154=AXIS2_PLACEMENT_3D('',#4829,#3926,#3927);
#3155=AXIS2_PLACEMENT_3D('',#4832,#3929,#3930);
#3156=AXIS2_PLACEMENT_3D('',#4833,#3931,#3932);
#3157=AXIS2_PLACEMENT_3D('',#4835,#3933,#3934);
#3158=AXIS2_PLACEMENT_3D('',#4836,#3935,#3936);
#3159=AXIS2_PLACEMENT_3D('',#4838,#3937,#3938);
#3160=AXIS2_PLACEMENT_3D('',#4841,#3940,#3941);
#3161=AXIS2_PLACEMENT_3D('',#4842,#3942,#3943);
#3162=AXIS2_PLACEMENT_3D('',#4844,#3944,#3945);
#3163=AXIS2_PLACEMENT_3D('',#4845,#3946,#3947);
#3164=AXIS2_PLACEMENT_3D('',#4847,#3948,#3949);
#3165=AXIS2_PLACEMENT_3D('',#4850,#3951,#3952);
#3166=AXIS2_PLACEMENT_3D('',#4851,#3953,#3954);
#3167=AXIS2_PLACEMENT_3D('',#4853,#3955,#3956);
#3168=AXIS2_PLACEMENT_3D('',#4854,#3957,#3958);
#3169=AXIS2_PLACEMENT_3D('',#4859,#3960,#3961);
#3170=AXIS2_PLACEMENT_3D('',#4862,#3963,#3964);
#3171=AXIS2_PLACEMENT_3D('',#4863,#3965,#3966);
#3172=AXIS2_PLACEMENT_3D('',#4869,#3970,#3971);
#3173=AXIS2_PLACEMENT_3D('',#4873,#3973,#3974);
#3174=AXIS2_PLACEMENT_3D('',#4874,#3975,#3976);
#3175=AXIS2_PLACEMENT_3D('',#4875,#3977,#3978);
#3176=AXIS2_PLACEMENT_3D('',#4881,#3982,#3983);
#3177=AXIS2_PLACEMENT_3D('',#4885,#3985,#3986);
#3178=AXIS2_PLACEMENT_3D('',#4886,#3987,#3988);
#3179=AXIS2_PLACEMENT_3D('',#4887,#3989,#3990);
#3180=AXIS2_PLACEMENT_3D('',#4893,#3994,#3995);
#3181=AXIS2_PLACEMENT_3D('',#4897,#3997,#3998);
#3182=AXIS2_PLACEMENT_3D('',#4898,#3999,#4000);
#3183=AXIS2_PLACEMENT_3D('',#4899,#4001,#4002);
#3184=AXIS2_PLACEMENT_3D('',#4902,#4005,#4006);
#3185=AXIS2_PLACEMENT_3D('',#4908,#4010,#4011);
#3186=AXIS2_PLACEMENT_3D('',#4911,#4013,#4014);
#3187=AXIS2_PLACEMENT_3D('',#4912,#4015,#4016);
#3188=AXIS2_PLACEMENT_3D('',#4916,#4019,#4020);
#3189=AXIS2_PLACEMENT_3D('',#4919,#4022,#4023);
#3190=AXIS2_PLACEMENT_3D('',#4920,#4024,#4025);
#3191=AXIS2_PLACEMENT_3D('',#4921,#4026,#4027);
#3192=AXIS2_PLACEMENT_3D('',#4924,#4028,#4029);
#3193=AXIS2_PLACEMENT_3D('',#4927,#4031,#4032);
#3194=AXIS2_PLACEMENT_3D('',#4933,#4035,#4036);
#3195=AXIS2_PLACEMENT_3D('',#4937,#4038,#4039);
#3196=AXIS2_PLACEMENT_3D('',#4941,#4041,#4042);
#3197=AXIS2_PLACEMENT_3D('',#4944,#4044,#4045);
#3198=AXIS2_PLACEMENT_3D('',#4945,#4046,#4047);
#3199=AXIS2_PLACEMENT_3D('',#4948,#4050,#4051);
#3200=AXIS2_PLACEMENT_3D('',#4949,#4052,#4053);
#3201=AXIS2_PLACEMENT_3D('',#4951,#4055,#4056);
#3202=AXIS2_PLACEMENT_3D('',#4952,#4057,#4058);
#3203=AXIS2_PLACEMENT_3D('',#4954,#4060,#4061);
#3204=AXIS2_PLACEMENT_3D('',#4956,#4063,#4064);
#3205=AXIS2_PLACEMENT_3D('',#4958,#4066,#4067);
#3206=AXIS2_PLACEMENT_3D('',#4960,#4069,#4070);
#3207=AXIS2_PLACEMENT_3D('',#4963,#4073,#4074);
#3208=AXIS2_PLACEMENT_3D('',#4965,#4076,#4077);
#3209=AXIS2_PLACEMENT_3D('',#4967,#4079,#4080);
#3210=AXIS2_PLACEMENT_3D('',#4969,#4082,#4083);
#3211=AXIS2_PLACEMENT_3D('',#4971,#4085,#4086);
#3212=AXIS2_PLACEMENT_3D('',#4973,#4088,#4089);
#3213=AXIS2_PLACEMENT_3D('',#4975,#4091,#4092);
#3214=AXIS2_PLACEMENT_3D('',#4976,#4093,#4094);
#3215=AXIS2_PLACEMENT_3D('',#4977,#4095,#4096);
#3216=AXIS2_PLACEMENT_3D('',#4978,#4097,#4098);
#3217=DIRECTION('axis',(0.,0.,1.));
#3218=DIRECTION('refdir',(1.,0.,0.));
#3219=DIRECTION('axis',(0.,0.,1.));
#3220=DIRECTION('refdir',(1.,0.,0.));
#3221=DIRECTION('center_axis',(0.,0.,1.));
#3222=DIRECTION('ref_axis',(-1.,0.,0.));
#3223=DIRECTION('center_axis',(-5.55111512312578E-17,0.,1.));
#3224=DIRECTION('ref_axis',(-1.,0.,0.));
#3225=DIRECTION('',(0.,0.,1.));
#3226=DIRECTION('center_axis',(0.,0.,1.));
#3227=DIRECTION('ref_axis',(-1.,0.,0.));
#3228=DIRECTION('',(0.,0.,1.));
#3229=DIRECTION('center_axis',(0.,0.,-1.));
#3230=DIRECTION('ref_axis',(-1.,0.,0.));
#3231=DIRECTION('center_axis',(0.,-1.,0.));
#3232=DIRECTION('ref_axis',(-1.,0.,0.));
#3233=DIRECTION('center_axis',(0.,-1.,0.));
#3234=DIRECTION('ref_axis',(-1.,0.,0.));
#3235=DIRECTION('',(0.,-1.,0.));
#3236=DIRECTION('center_axis',(0.,1.,0.));
#3237=DIRECTION('ref_axis',(-1.,0.,0.));
#3238=DIRECTION('center_axis',(0.,-1.,0.));
#3239=DIRECTION('ref_axis',(-1.,0.,0.));
#3240=DIRECTION('center_axis',(0.,-1.,0.));
#3241=DIRECTION('ref_axis',(-1.,0.,0.));
#3242=DIRECTION('',(0.,-1.,0.));
#3243=DIRECTION('center_axis',(0.,-1.,0.));
#3244=DIRECTION('ref_axis',(-1.,0.,0.));
#3245=DIRECTION('center_axis',(0.,1.,0.));
#3246=DIRECTION('ref_axis',(-1.,0.,0.));
#3247=DIRECTION('center_axis',(0.,1.,0.));
#3248=DIRECTION('ref_axis',(-1.,0.,0.));
#3249=DIRECTION('center_axis',(0.,-1.,0.));
#3250=DIRECTION('ref_axis',(-1.,0.,0.));
#3251=DIRECTION('center_axis',(0.,-1.,0.));
#3252=DIRECTION('ref_axis',(-1.,0.,0.));
#3253=DIRECTION('',(0.,-1.,0.));
#3254=DIRECTION('center_axis',(0.,-1.,0.));
#3255=DIRECTION('ref_axis',(-1.,0.,0.));
#3256=DIRECTION('center_axis',(0.,1.,0.));
#3257=DIRECTION('ref_axis',(-1.,0.,0.));
#3258=DIRECTION('center_axis',(0.,1.,0.));
#3259=DIRECTION('ref_axis',(-1.,0.,0.));
#3260=DIRECTION('center_axis',(0.,-1.,0.));
#3261=DIRECTION('ref_axis',(-1.,0.,0.));
#3262=DIRECTION('center_axis',(0.,-1.,0.));
#3263=DIRECTION('ref_axis',(-1.,0.,0.));
#3264=DIRECTION('',(0.,-1.,0.));
#3265=DIRECTION('center_axis',(0.,-1.,0.));
#3266=DIRECTION('ref_axis',(-1.,0.,0.));
#3267=DIRECTION('center_axis',(0.,1.,0.));
#3268=DIRECTION('ref_axis',(-1.,0.,0.));
#3269=DIRECTION('center_axis',(0.,1.,0.));
#3270=DIRECTION('ref_axis',(-1.,0.,0.));
#3271=DIRECTION('center_axis',(0.,-1.,0.));
#3272=DIRECTION('ref_axis',(-1.,0.,0.));
#3273=DIRECTION('center_axis',(0.,-1.,0.));
#3274=DIRECTION('ref_axis',(-1.,0.,0.));
#3275=DIRECTION('',(0.,-1.,0.));
#3276=DIRECTION('center_axis',(0.,-1.,0.));
#3277=DIRECTION('ref_axis',(-1.,0.,0.));
#3278=DIRECTION('center_axis',(0.,1.,0.));
#3279=DIRECTION('ref_axis',(-1.,0.,0.));
#3280=DIRECTION('center_axis',(0.,1.,0.));
#3281=DIRECTION('ref_axis',(-1.,0.,0.));
#3282=DIRECTION('center_axis',(0.,-1.,0.));
#3283=DIRECTION('ref_axis',(-1.,0.,0.));
#3284=DIRECTION('',(0.,-1.,0.));
#3285=DIRECTION('center_axis',(0.,1.,0.));
#3286=DIRECTION('ref_axis',(-1.,0.,0.));
#3287=DIRECTION('center_axis',(0.,-1.,0.));
#3288=DIRECTION('ref_axis',(-1.,0.,0.));
#3289=DIRECTION('',(0.,-1.,0.));
#3290=DIRECTION('center_axis',(0.,1.,0.));
#3291=DIRECTION('ref_axis',(-1.,0.,0.));
#3292=DIRECTION('center_axis',(0.,-1.,0.));
#3293=DIRECTION('ref_axis',(-1.,0.,0.));
#3294=DIRECTION('',(0.,-1.,0.));
#3295=DIRECTION('center_axis',(0.,1.,0.));
#3296=DIRECTION('ref_axis',(-1.,0.,0.));
#3297=DIRECTION('center_axis',(0.,-1.,0.));
#3298=DIRECTION('ref_axis',(-1.,0.,0.));
#3299=DIRECTION('',(0.,-1.,0.));
#3300=DIRECTION('center_axis',(0.,1.,0.));
#3301=DIRECTION('ref_axis',(-1.,0.,0.));
#3302=DIRECTION('center_axis',(0.,-1.,0.));
#3303=DIRECTION('ref_axis',(-1.,0.,0.));
#3304=DIRECTION('center_axis',(0.,-1.,0.));
#3305=DIRECTION('ref_axis',(-1.,0.,0.));
#3306=DIRECTION('',(0.,-1.,0.));
#3307=DIRECTION('center_axis',(0.,-1.,0.));
#3308=DIRECTION('ref_axis',(-1.,0.,0.));
#3309=DIRECTION('center_axis',(0.,1.,0.));
#3310=DIRECTION('ref_axis',(-1.,0.,0.));
#3311=DIRECTION('center_axis',(0.,-1.,0.));
#3312=DIRECTION('ref_axis',(-1.,0.,0.));
#3313=DIRECTION('center_axis',(0.,-1.,0.));
#3314=DIRECTION('ref_axis',(-1.,0.,0.));
#3315=DIRECTION('',(0.,-1.,0.));
#3316=DIRECTION('center_axis',(0.,-1.,0.));
#3317=DIRECTION('ref_axis',(-1.,0.,0.));
#3318=DIRECTION('center_axis',(0.,1.,0.));
#3319=DIRECTION('ref_axis',(-1.,0.,0.));
#3320=DIRECTION('center_axis',(0.,-1.,0.));
#3321=DIRECTION('ref_axis',(1.,0.,0.));
#3322=DIRECTION('',(0.,0.707106781186547,0.707106781186548));
#3323=DIRECTION('center_axis',(0.,-1.,0.));
#3324=DIRECTION('ref_axis',(1.,0.,0.));
#3325=DIRECTION('',(0.707106781186548,-0.707106781186547,0.));
#3326=DIRECTION('center_axis',(0.,1.,0.));
#3327=DIRECTION('ref_axis',(1.,0.,0.));
#3328=DIRECTION('center_axis',(3.92523114670944E-17,0.707106781186548,-0.707106781186548));
#3329=DIRECTION('ref_axis',(-1.,0.,-5.55111512312578E-17));
#3330=DIRECTION('',(5.23364152894592E-16,0.707106781186548,0.707106781186548));
#3331=DIRECTION('',(1.,0.,5.55111512312578E-17));
#3332=DIRECTION('',(-1.,0.,-5.55111512312578E-17));
#3333=DIRECTION('center_axis',(0.,-1.,0.));
#3334=DIRECTION('ref_axis',(6.66133814775094E-16,0.,-1.));
#3335=DIRECTION('',(0.707106781186547,0.707106781186548,-1.04672830578918E-15));
#3336=DIRECTION('center_axis',(0.,-1.,0.));
#3337=DIRECTION('ref_axis',(6.66133814775094E-16,0.,-1.));
#3338=DIRECTION('center_axis',(0.,1.,0.));
#3339=DIRECTION('ref_axis',(6.66133814775094E-16,0.,-1.));
#3340=DIRECTION('center_axis',(-0.707106781186548,0.707106781186548,1.96261557335472E-17));
#3341=DIRECTION('ref_axis',(2.77555756156289E-17,0.,1.));
#3342=DIRECTION('',(0.707106781186548,0.707106781186548,0.));
#3343=DIRECTION('',(-2.77555756156289E-17,0.,-1.));
#3344=DIRECTION('',(2.77555756156289E-17,0.,1.));
#3345=DIRECTION('center_axis',(0.,-1.,0.));
#3346=DIRECTION('ref_axis',(-1.,0.,-8.88178419700126E-16));
#3347=DIRECTION('',(-5.23364152894592E-16,0.707106781186548,-0.707106781186547));
#3348=DIRECTION('center_axis',(0.,-1.,0.));
#3349=DIRECTION('ref_axis',(-1.,0.,-8.88178419700126E-16));
#3350=DIRECTION('center_axis',(0.,1.,0.));
#3351=DIRECTION('ref_axis',(-1.,0.,-8.88178419700126E-16));
#3352=DIRECTION('center_axis',(0.,0.707106781186547,0.707106781186548));
#3353=DIRECTION('ref_axis',(1.,0.,0.));
#3354=DIRECTION('',(0.,0.707106781186548,-0.707106781186547));
#3355=DIRECTION('',(-1.,0.,0.));
#3356=DIRECTION('',(1.,0.,0.));
#3357=DIRECTION('center_axis',(0.,-1.,0.));
#3358=DIRECTION('ref_axis',(0.,0.,1.));
#3359=DIRECTION('',(-0.707106781186548,0.707106781186547,0.));
#3360=DIRECTION('center_axis',(0.,-1.,0.));
#3361=DIRECTION('ref_axis',(0.,0.,1.));
#3362=DIRECTION('center_axis',(0.,1.,0.));
#3363=DIRECTION('ref_axis',(0.,0.,1.));
#3364=DIRECTION('center_axis',(0.707106781186548,0.707106781186547,0.));
#3365=DIRECTION('ref_axis',(0.,0.,-1.));
#3366=DIRECTION('',(0.,0.,1.));
#3367=DIRECTION('',(0.,0.,-1.));
#3368=DIRECTION('center_axis',(-1.,0.,2.77555756156289E-17));
#3369=DIRECTION('ref_axis',(2.77555756156289E-17,0.,1.));
#3370=DIRECTION('',(0.,1.,0.));
#3371=DIRECTION('',(-2.77555756156289E-17,0.,-1.));
#3372=DIRECTION('',(0.,1.,0.));
#3373=DIRECTION('center_axis',(0.,1.,0.));
#3374=DIRECTION('ref_axis',(6.66133814775095E-16,0.,-1.));
#3375=DIRECTION('',(0.,1.,0.));
#3376=DIRECTION('center_axis',(0.,1.,0.));
#3377=DIRECTION('ref_axis',(6.66133814775095E-16,0.,-1.));
#3378=DIRECTION('center_axis',(5.55111512312578E-17,0.,-1.));
#3379=DIRECTION('ref_axis',(-1.,0.,-5.55111512312578E-17));
#3380=DIRECTION('',(0.,1.,0.));
#3381=DIRECTION('',(1.,0.,5.55111512312578E-17));
#3382=DIRECTION('center_axis',(0.,1.,0.));
#3383=DIRECTION('ref_axis',(1.,0.,0.));
#3384=DIRECTION('',(0.,1.,0.));
#3385=DIRECTION('center_axis',(0.,1.,0.));
#3386=DIRECTION('ref_axis',(1.,0.,0.));
#3387=DIRECTION('center_axis',(0.,1.,0.));
#3388=DIRECTION('ref_axis',(1.,0.,0.));
#3389=DIRECTION('center_axis',(0.,-1.,0.));
#3390=DIRECTION('ref_axis',(1.,0.,0.));
#3391=DIRECTION('center_axis',(0.,1.,0.));
#3392=DIRECTION('ref_axis',(0.,0.,1.));
#3393=DIRECTION('center_axis',(0.,-1.,0.));
#3394=DIRECTION('ref_axis',(1.,0.,0.));
#3395=DIRECTION('center_axis',(-1.,0.,2.22044604925031E-16));
#3396=DIRECTION('ref_axis',(-2.22044604925031E-16,0.,-1.));
#3397=DIRECTION('center_axis',(0.,1.,0.));
#3398=DIRECTION('ref_axis',(1.,0.,0.));
#3399=DIRECTION('center_axis',(0.,1.,0.));
#3400=DIRECTION('ref_axis',(1.,0.,0.));
#3401=DIRECTION('center_axis',(0.,1.,0.));
#3402=DIRECTION('ref_axis',(1.,0.,0.));
#3403=DIRECTION('',(0.,-1.,0.));
#3404=DIRECTION('center_axis',(0.,1.,0.));
#3405=DIRECTION('ref_axis',(1.,0.,0.));
#3406=DIRECTION('center_axis',(0.,-1.,0.));
#3407=DIRECTION('ref_axis',(-1.,0.,0.));
#3408=DIRECTION('center_axis',(0.,1.,0.));
#3409=DIRECTION('ref_axis',(-1.,0.,0.));
#3410=DIRECTION('center_axis',(0.,1.,0.));
#3411=DIRECTION('ref_axis',(-1.,0.,0.));
#3412=DIRECTION('',(0.,-1.,0.));
#3413=DIRECTION('center_axis',(0.,1.,0.));
#3414=DIRECTION('ref_axis',(-1.,0.,0.));
#3415=DIRECTION('center_axis',(1.,0.,0.));
#3416=DIRECTION('ref_axis',(0.,0.,-1.));
#3417=DIRECTION('',(0.,1.,0.));
#3418=DIRECTION('',(0.,0.,1.));
#3419=DIRECTION('center_axis',(0.,1.,0.));
#3420=DIRECTION('ref_axis',(0.,0.,1.));
#3421=DIRECTION('',(0.,1.,0.));
#3422=DIRECTION('center_axis',(0.,1.,0.));
#3423=DIRECTION('ref_axis',(0.,0.,1.));
#3424=DIRECTION('center_axis',(0.,0.,1.));
#3425=DIRECTION('ref_axis',(1.,0.,0.));
#3426=DIRECTION('',(0.,1.,0.));
#3427=DIRECTION('',(-1.,0.,0.));
#3428=DIRECTION('center_axis',(0.,1.,0.));
#3429=DIRECTION('ref_axis',(-1.,0.,-8.88178419700126E-16));
#3430=DIRECTION('center_axis',(0.,1.,0.));
#3431=DIRECTION('ref_axis',(-1.,0.,-8.88178419700126E-16));
#3432=DIRECTION('center_axis',(0.,1.,0.));
#3433=DIRECTION('ref_axis',(1.,0.,0.));
#3434=DIRECTION('axis',(0.,0.,1.));
#3435=DIRECTION('refdir',(1.,0.,0.));
#3436=DIRECTION('center_axis',(-1.,0.,-1.38777878078145E-16));
#3437=DIRECTION('ref_axis',(1.38777878078145E-16,0.,-1.));
#3438=DIRECTION('',(1.38777878078145E-16,0.,-1.));
#3439=DIRECTION('',(0.,-1.,0.));
#3440=DIRECTION('',(1.38777878078145E-16,0.,-1.));
#3441=DIRECTION('',(0.,-1.,0.));
#3442=DIRECTION('center_axis',(0.,-1.,0.));
#3443=DIRECTION('ref_axis',(-1.,0.,0.));
#3444=DIRECTION('center_axis',(0.,-1.,0.));
#3445=DIRECTION('ref_axis',(-1.,0.,0.));
#3446=DIRECTION('',(0.,-1.,0.));
#3447=DIRECTION('center_axis',(0.,-1.,0.));
#3448=DIRECTION('ref_axis',(-1.,0.,0.));
#3449=DIRECTION('center_axis',(0.,0.,1.));
#3450=DIRECTION('ref_axis',(-1.,0.,0.));
#3451=DIRECTION('',(-1.,0.,0.));
#3452=DIRECTION('',(0.,-1.,0.));
#3453=DIRECTION('',(-1.,0.,0.));
#3454=DIRECTION('center_axis',(0.,-1.,0.));
#3455=DIRECTION('ref_axis',(0.,0.,1.));
#3456=DIRECTION('center_axis',(0.,-1.,0.));
#3457=DIRECTION('ref_axis',(0.,0.,1.));
#3458=DIRECTION('',(0.,-1.,0.));
#3459=DIRECTION('center_axis',(0.,-1.,0.));
#3460=DIRECTION('ref_axis',(0.,0.,1.));
#3461=DIRECTION('center_axis',(1.,0.,0.));
#3462=DIRECTION('ref_axis',(0.,0.,1.));
#3463=DIRECTION('',(0.,0.,1.));
#3464=DIRECTION('',(0.,-1.,0.));
#3465=DIRECTION('',(0.,0.,1.));
#3466=DIRECTION('center_axis',(0.,-1.,0.));
#3467=DIRECTION('ref_axis',(1.,0.,-2.66453525910037E-15));
#3468=DIRECTION('center_axis',(0.,-1.,0.));
#3469=DIRECTION('ref_axis',(1.,0.,-2.66453525910037E-15));
#3470=DIRECTION('',(0.,-1.,0.));
#3471=DIRECTION('center_axis',(0.,-1.,0.));
#3472=DIRECTION('ref_axis',(1.,0.,-2.66453525910037E-15));
#3473=DIRECTION('center_axis',(-8.22141248943624E-17,0.,-1.));
#3474=DIRECTION('ref_axis',(1.,0.,-8.22141248943624E-17));
#3475=DIRECTION('',(1.,0.,-8.22141248943624E-17));
#3476=DIRECTION('',(0.,-1.,0.));
#3477=DIRECTION('',(1.,0.,-8.22141248943624E-17));
#3478=DIRECTION('center_axis',(0.,-1.,0.));
#3479=DIRECTION('ref_axis',(-8.88178419700125E-16,0.,-1.));
#3480=DIRECTION('center_axis',(0.,-1.,0.));
#3481=DIRECTION('ref_axis',(-8.88178419700125E-16,0.,-1.));
#3482=DIRECTION('center_axis',(0.,-1.,0.));
#3483=DIRECTION('ref_axis',(-8.88178419700125E-16,0.,-1.));
#3484=DIRECTION('center_axis',(0.,1.,0.));
#3485=DIRECTION('ref_axis',(-1.,0.,0.));
#3486=DIRECTION('center_axis',(0.,1.,0.));
#3487=DIRECTION('ref_axis',(-1.,0.,0.));
#3488=DIRECTION('center_axis',(0.,1.,0.));
#3489=DIRECTION('ref_axis',(-1.,0.,0.));
#3490=DIRECTION('',(1.,0.,0.));
#3491=DIRECTION('',(0.,0.,-1.));
#3492=DIRECTION('center_axis',(0.,-1.,0.));
#3493=DIRECTION('ref_axis',(-1.,0.,0.));
#3494=DIRECTION('',(0.,0.,1.));
#3495=DIRECTION('',(1.,0.,0.));
#3496=DIRECTION('',(0.,0.,-1.));
#3497=DIRECTION('center_axis',(0.,-1.,0.));
#3498=DIRECTION('ref_axis',(-1.,0.,0.));
#3499=DIRECTION('',(0.,0.,1.));
#3500=DIRECTION('',(1.,0.,0.));
#3501=DIRECTION('',(0.,0.,1.));
#3502=DIRECTION('',(-1.,0.,0.));
#3503=DIRECTION('',(0.,0.,1.));
#3504=DIRECTION('center_axis',(0.,-1.,0.));
#3505=DIRECTION('ref_axis',(-1.,0.,0.));
#3506=DIRECTION('',(0.,0.,-1.));
#3507=DIRECTION('',(-1.,0.,0.));
#3508=DIRECTION('',(0.,0.,1.));
#3509=DIRECTION('center_axis',(0.,-1.,0.));
#3510=DIRECTION('ref_axis',(-1.,0.,0.));
#3511=DIRECTION('',(0.,0.,-1.));
#3512=DIRECTION('',(-1.,0.,0.));
#3513=DIRECTION('',(0.,0.,-1.));
#3514=DIRECTION('center_axis',(0.,1.,0.));
#3515=DIRECTION('ref_axis',(-1.,0.,0.));
#3516=DIRECTION('center_axis',(0.,1.,0.));
#3517=DIRECTION('ref_axis',(-1.,0.,0.));
#3518=DIRECTION('center_axis',(1.,0.,0.));
#3519=DIRECTION('ref_axis',(0.,0.,-1.));
#3520=DIRECTION('',(0.,-1.,0.));
#3521=DIRECTION('',(0.,0.,-1.));
#3522=DIRECTION('',(0.,1.,0.));
#3523=DIRECTION('',(0.,-1.,0.));
#3524=DIRECTION('center_axis',(-1.,0.,0.));
#3525=DIRECTION('ref_axis',(0.,0.,1.));
#3526=DIRECTION('',(0.,1.,0.));
#3527=DIRECTION('center_axis',(-1.,0.,0.));
#3528=DIRECTION('ref_axis',(0.,0.,1.));
#3529=DIRECTION('center_axis',(1.,0.,0.));
#3530=DIRECTION('ref_axis',(0.,-1.,0.));
#3531=DIRECTION('',(0.,-1.,0.));
#3532=DIRECTION('',(0.,0.,-1.));
#3533=DIRECTION('',(0.,-1.,0.));
#3534=DIRECTION('center_axis',(0.,-1.,0.));
#3535=DIRECTION('ref_axis',(-1.,0.,0.));
#3536=DIRECTION('',(0.,1.,0.));
#3537=DIRECTION('center_axis',(0.,-1.,0.));
#3538=DIRECTION('ref_axis',(-1.,0.,0.));
#3539=DIRECTION('center_axis',(0.,-1.,0.));
#3540=DIRECTION('ref_axis',(-1.,0.,0.));
#3541=DIRECTION('center_axis',(0.,-1.,0.));
#3542=DIRECTION('ref_axis',(-1.,0.,0.));
#3543=DIRECTION('center_axis',(-1.,0.,0.));
#3544=DIRECTION('ref_axis',(0.,1.,0.));
#3545=DIRECTION('',(0.,1.,0.));
#3546=DIRECTION('',(0.,0.,-1.));
#3547=DIRECTION('center_axis',(1.,0.,0.));
#3548=DIRECTION('ref_axis',(0.,-1.,0.));
#3549=DIRECTION('',(0.,-1.,0.));
#3550=DIRECTION('',(0.,0.,-1.));
#3551=DIRECTION('',(0.,-1.,0.));
#3552=DIRECTION('center_axis',(0.,-1.,0.));
#3553=DIRECTION('ref_axis',(-1.,0.,0.));
#3554=DIRECTION('',(0.,1.,0.));
#3555=DIRECTION('center_axis',(0.,-1.,0.));
#3556=DIRECTION('ref_axis',(-1.,0.,0.));
#3557=DIRECTION('center_axis',(0.,-1.,0.));
#3558=DIRECTION('ref_axis',(-1.,0.,0.));
#3559=DIRECTION('center_axis',(0.,-1.,0.));
#3560=DIRECTION('ref_axis',(-1.,0.,0.));
#3561=DIRECTION('center_axis',(-1.,0.,0.));
#3562=DIRECTION('ref_axis',(0.,1.,0.));
#3563=DIRECTION('',(0.,1.,0.));
#3564=DIRECTION('',(0.,0.,-1.));
#3565=DIRECTION('center_axis',(0.,0.,-1.));
#3566=DIRECTION('ref_axis',(-1.,0.,0.));
#3567=DIRECTION('',(1.,0.,0.));
#3568=DIRECTION('',(-1.,0.,0.));
#3569=DIRECTION('',(1.,0.,0.));
#3570=DIRECTION('',(1.,0.,0.));
#3571=DIRECTION('',(-1.,0.,0.));
#3572=DIRECTION('',(1.,0.,0.));
#3573=DIRECTION('',(0.,1.,0.));
#3574=DIRECTION('',(1.,0.,0.));
#3575=DIRECTION('center_axis',(0.,1.,0.));
#3576=DIRECTION('ref_axis',(1.,0.,0.));
#3577=DIRECTION('center_axis',(0.,1.,0.));
#3578=DIRECTION('ref_axis',(-1.,0.,0.));
#3579=DIRECTION('center_axis',(0.,1.,0.));
#3580=DIRECTION('ref_axis',(1.,0.,0.));
#3581=DIRECTION('center_axis',(0.,1.,0.));
#3582=DIRECTION('ref_axis',(1.,0.,0.));
#3583=DIRECTION('center_axis',(0.,1.,0.));
#3584=DIRECTION('ref_axis',(-1.,0.,0.));
#3585=DIRECTION('center_axis',(0.,1.,0.));
#3586=DIRECTION('ref_axis',(1.,0.,0.));
#3587=DIRECTION('center_axis',(0.,1.,0.));
#3588=DIRECTION('ref_axis',(1.,0.,0.));
#3589=DIRECTION('center_axis',(0.,1.,0.));
#3590=DIRECTION('ref_axis',(1.,0.,0.));
#3591=DIRECTION('center_axis',(0.,1.,0.));
#3592=DIRECTION('ref_axis',(-1.,0.,0.));
#3593=DIRECTION('center_axis',(0.,1.,0.));
#3594=DIRECTION('ref_axis',(0.,0.,1.));
#3595=DIRECTION('',(0.,0.,-1.));
#3596=DIRECTION('',(-1.,0.,0.));
#3597=DIRECTION('center_axis',(0.,-1.,0.));
#3598=DIRECTION('ref_axis',(1.,0.,0.));
#3599=DIRECTION('center_axis',(0.,-1.,0.));
#3600=DIRECTION('ref_axis',(1.,0.,0.));
#3601=DIRECTION('center_axis',(0.,-1.,0.));
#3602=DIRECTION('ref_axis',(1.,0.,0.));
#3603=DIRECTION('center_axis',(0.,-1.,0.));
#3604=DIRECTION('ref_axis',(-1.,0.,0.));
#3605=DIRECTION('center_axis',(0.,-1.,0.));
#3606=DIRECTION('ref_axis',(-1.,0.,0.));
#3607=DIRECTION('center_axis',(-1.,0.,0.));
#3608=DIRECTION('ref_axis',(0.,0.,1.));
#3609=DIRECTION('',(0.,1.,0.));
#3610=DIRECTION('center_axis',(-1.,0.,0.));
#3611=DIRECTION('ref_axis',(0.,-1.,0.));
#3612=DIRECTION('',(0.,-1.,0.));
#3613=DIRECTION('',(0.,0.,1.));
#3614=DIRECTION('',(0.,-1.,0.));
#3615=DIRECTION('center_axis',(1.,0.,0.));
#3616=DIRECTION('ref_axis',(0.,1.,0.));
#3617=DIRECTION('',(0.,1.,0.));
#3618=DIRECTION('',(0.,0.,1.));
#3619=DIRECTION('',(0.,1.,0.));
#3620=DIRECTION('center_axis',(0.,1.,0.));
#3621=DIRECTION('ref_axis',(-1.,0.,0.));
#3622=DIRECTION('center_axis',(0.,1.,0.));
#3623=DIRECTION('ref_axis',(-1.,0.,0.));
#3624=DIRECTION('center_axis',(0.,1.,0.));
#3625=DIRECTION('ref_axis',(-1.,0.,0.));
#3626=DIRECTION('center_axis',(0.,-1.,0.));
#3627=DIRECTION('ref_axis',(-1.,0.,0.));
#3628=DIRECTION('',(-1.,0.,0.));
#3629=DIRECTION('center_axis',(0.,1.,0.));
#3630=DIRECTION('ref_axis',(-1.,0.,0.));
#3631=DIRECTION('center_axis',(0.,1.,0.));
#3632=DIRECTION('ref_axis',(-1.,0.,0.));
#3633=DIRECTION('center_axis',(0.,1.,0.));
#3634=DIRECTION('ref_axis',(-1.,0.,0.));
#3635=DIRECTION('center_axis',(0.,-1.,0.));
#3636=DIRECTION('ref_axis',(-1.,0.,0.));
#3637=DIRECTION('',(-1.,0.,0.));
#3638=DIRECTION('',(0.,0.,1.));
#3639=DIRECTION('center_axis',(0.,1.,0.));
#3640=DIRECTION('ref_axis',(-1.,0.,0.));
#3641=DIRECTION('center_axis',(0.,-1.,0.));
#3642=DIRECTION('ref_axis',(-1.,0.,0.));
#3643=DIRECTION('',(0.,0.,1.));
#3644=DIRECTION('',(-1.,0.,0.));
#3645=DIRECTION('center_axis',(0.,1.,0.));
#3646=DIRECTION('ref_axis',(-1.,0.,0.));
#3647=DIRECTION('center_axis',(0.,-1.,0.));
#3648=DIRECTION('ref_axis',(-1.,0.,0.));
#3649=DIRECTION('',(-1.,0.,0.));
#3650=DIRECTION('center_axis',(1.,0.,0.));
#3651=DIRECTION('ref_axis',(0.,1.,0.));
#3652=DIRECTION('',(0.,1.,0.));
#3653=DIRECTION('',(0.,1.,0.));
#3654=DIRECTION('center_axis',(-1.,0.,0.));
#3655=DIRECTION('ref_axis',(0.,-1.,0.));
#3656=DIRECTION('',(0.,-1.,0.));
#3657=DIRECTION('',(0.,-1.,0.));
#3658=DIRECTION('center_axis',(0.,0.,1.));
#3659=DIRECTION('ref_axis',(1.,0.,0.));
#3660=DIRECTION('',(1.,0.,0.));
#3661=DIRECTION('',(1.,0.,0.));
#3662=DIRECTION('center_axis',(0.,1.,0.));
#3663=DIRECTION('ref_axis',(-1.,0.,0.));
#3664=DIRECTION('center_axis',(0.,-1.,0.));
#3665=DIRECTION('ref_axis',(-1.,0.,0.));
#3666=DIRECTION('center_axis',(0.,1.,0.));
#3667=DIRECTION('ref_axis',(1.,0.,0.));
#3668=DIRECTION('center_axis',(0.,1.,0.));
#3669=DIRECTION('ref_axis',(1.,0.,0.));
#3670=DIRECTION('',(0.,1.,0.));
#3671=DIRECTION('center_axis',(0.,1.,0.));
#3672=DIRECTION('ref_axis',(1.,0.,0.));
#3673=DIRECTION('center_axis',(0.,-1.,0.));
#3674=DIRECTION('ref_axis',(1.,0.,0.));
#3675=DIRECTION('center_axis',(0.,-1.,0.));
#3676=DIRECTION('ref_axis',(1.,0.,0.));
#3677=DIRECTION('center_axis',(0.,1.,0.));
#3678=DIRECTION('ref_axis',(1.,0.,0.));
#3679=DIRECTION('center_axis',(0.,1.,0.));
#3680=DIRECTION('ref_axis',(1.,0.,0.));
#3681=DIRECTION('',(0.,1.,0.));
#3682=DIRECTION('center_axis',(0.,1.,0.));
#3683=DIRECTION('ref_axis',(1.,0.,0.));
#3684=DIRECTION('center_axis',(0.,-1.,0.));
#3685=DIRECTION('ref_axis',(1.,0.,0.));
#3686=DIRECTION('center_axis',(0.,-1.,0.));
#3687=DIRECTION('ref_axis',(1.,0.,0.));
#3688=DIRECTION('center_axis',(0.,1.,0.));
#3689=DIRECTION('ref_axis',(1.,0.,0.));
#3690=DIRECTION('',(0.,1.,0.));
#3691=DIRECTION('center_axis',(0.,1.,0.));
#3692=DIRECTION('ref_axis',(1.,0.,0.));
#3693=DIRECTION('',(0.,1.,0.));
#3694=DIRECTION('center_axis',(0.,1.,0.));
#3695=DIRECTION('ref_axis',(-1.,0.,0.));
#3696=DIRECTION('center_axis',(0.,1.,0.));
#3697=DIRECTION('ref_axis',(-1.,0.,0.));
#3698=DIRECTION('center_axis',(0.,-1.,0.));
#3699=DIRECTION('ref_axis',(-1.,0.,0.));
#3700=DIRECTION('center_axis',(0.,1.,0.));
#3701=DIRECTION('ref_axis',(1.,0.,0.));
#3702=DIRECTION('center_axis',(0.,-1.,0.));
#3703=DIRECTION('ref_axis',(0.,0.,1.));
#3704=DIRECTION('',(0.,0.,1.));
#3705=DIRECTION('center_axis',(0.,-1.,0.));
#3706=DIRECTION('ref_axis',(1.,0.,-1.11022302462516E-16));
#3707=DIRECTION('',(1.,0.,0.));
#3708=DIRECTION('center_axis',(0.,-1.,0.));
#3709=DIRECTION('ref_axis',(0.,0.,-1.));
#3710=DIRECTION('',(0.,0.,-1.));
#3711=DIRECTION('center_axis',(0.,-1.,0.));
#3712=DIRECTION('ref_axis',(-1.,0.,0.));
#3713=DIRECTION('',(-1.,0.,0.));
#3714=DIRECTION('center_axis',(0.,1.,0.));
#3715=DIRECTION('ref_axis',(1.,0.,0.));
#3716=DIRECTION('center_axis',(0.,1.,0.));
#3717=DIRECTION('ref_axis',(1.,0.,0.));
#3718=DIRECTION('',(0.,1.,0.));
#3719=DIRECTION('center_axis',(0.,-1.,0.));
#3720=DIRECTION('ref_axis',(-1.,0.,0.));
#3721=DIRECTION('',(0.,-1.,0.));
#3722=DIRECTION('center_axis',(0.,-1.,0.));
#3723=DIRECTION('ref_axis',(-1.,0.,0.));
#3724=DIRECTION('',(0.,-1.,0.));
#3725=DIRECTION('center_axis',(0.,-1.,0.));
#3726=DIRECTION('ref_axis',(-1.,0.,0.));
#3727=DIRECTION('',(0.,-1.,0.));
#3728=DIRECTION('center_axis',(0.,-1.,0.));
#3729=DIRECTION('ref_axis',(-1.,0.,0.));
#3730=DIRECTION('',(0.,-1.,0.));
#3731=DIRECTION('center_axis',(0.,-1.,0.));
#3732=DIRECTION('ref_axis',(-1.,0.,0.));
#3733=DIRECTION('center_axis',(0.,-1.,0.));
#3734=DIRECTION('ref_axis',(-1.,0.,0.));
#3735=DIRECTION('center_axis',(0.,1.,0.));
#3736=DIRECTION('ref_axis',(0.,0.,1.));
#3737=DIRECTION('',(0.,1.,0.));
#3738=DIRECTION('center_axis',(0.,-1.,0.));
#3739=DIRECTION('ref_axis',(0.,0.,1.));
#3740=DIRECTION('',(0.,1.,0.));
#3741=DIRECTION('center_axis',(0.,0.,1.));
#3742=DIRECTION('ref_axis',(1.,0.,0.));
#3743=DIRECTION('',(0.,1.,0.));
#3744=DIRECTION('',(-1.,0.,0.));
#3745=DIRECTION('center_axis',(0.,1.,0.));
#3746=DIRECTION('ref_axis',(-1.,0.,0.));
#3747=DIRECTION('',(0.,1.,0.));
#3748=DIRECTION('center_axis',(0.,-1.,0.));
#3749=DIRECTION('ref_axis',(-1.,0.,0.));
#3750=DIRECTION('center_axis',(-1.,0.,0.));
#3751=DIRECTION('ref_axis',(0.,0.,1.));
#3752=DIRECTION('',(0.,1.,0.));
#3753=DIRECTION('',(0.,0.,-1.));
#3754=DIRECTION('',(0.,1.,0.));
#3755=DIRECTION('center_axis',(1.,0.,0.));
#3756=DIRECTION('ref_axis',(0.,0.,1.));
#3757=DIRECTION('',(0.,-1.,0.));
#3758=DIRECTION('center_axis',(1.,0.,0.));
#3759=DIRECTION('ref_axis',(0.,0.,1.));
#3760=DIRECTION('center_axis',(-0.707106781186548,-0.707106781186547,0.));
#3761=DIRECTION('ref_axis',(0.,0.,1.));
#3762=DIRECTION('',(0.707106781186547,-0.707106781186548,-2.61682076447296E-16));
#3763=DIRECTION('',(0.,0.,1.));
#3764=DIRECTION('',(-0.707106781186547,0.707106781186548,0.));
#3765=DIRECTION('center_axis',(0.,1.,0.));
#3766=DIRECTION('ref_axis',(0.,0.,-1.));
#3767=DIRECTION('center_axis',(0.,-1.,0.));
#3768=DIRECTION('ref_axis',(0.,0.,-1.));
#3769=DIRECTION('',(0.,-0.707106781186548,0.707106781186548));
#3770=DIRECTION('center_axis',(0.,1.,0.));
#3771=DIRECTION('ref_axis',(0.,0.,-1.));
#3772=DIRECTION('center_axis',(0.,-0.707106781186548,-0.707106781186547));
#3773=DIRECTION('ref_axis',(-1.,0.,0.));
#3774=DIRECTION('',(0.,-0.707106781186548,0.707106781186548));
#3775=DIRECTION('',(-1.,0.,0.));
#3776=DIRECTION('',(1.,0.,0.));
#3777=DIRECTION('center_axis',(0.,1.,0.));
#3778=DIRECTION('ref_axis',(1.,0.,-1.11022302462516E-16));
#3779=DIRECTION('center_axis',(0.,-1.,0.));
#3780=DIRECTION('ref_axis',(1.,0.,-1.11022302462516E-16));
#3781=DIRECTION('',(-0.707106781186546,-0.707106781186549,0.));
#3782=DIRECTION('center_axis',(0.,1.,0.));
#3783=DIRECTION('ref_axis',(1.,0.,-1.11022302462516E-16));
#3784=DIRECTION('center_axis',(0.707106781186547,-0.707106781186548,0.));
#3785=DIRECTION('ref_axis',(0.,0.,-1.));
#3786=DIRECTION('',(-0.707106781186548,-0.707106781186547,0.));
#3787=DIRECTION('',(0.,0.,-1.));
#3788=DIRECTION('',(0.,0.,1.));
#3789=DIRECTION('center_axis',(0.,1.,0.));
#3790=DIRECTION('ref_axis',(0.,0.,1.));
#3791=DIRECTION('',(0.,-0.707106781186549,-0.707106781186546));
#3792=DIRECTION('center_axis',(0.,1.,0.));
#3793=DIRECTION('ref_axis',(0.,0.,1.));
#3794=DIRECTION('center_axis',(0.,-0.707106781186547,0.707106781186548));
#3795=DIRECTION('ref_axis',(1.,0.,0.));
#3796=DIRECTION('',(2.61682076447296E-16,-0.707106781186548,-0.707106781186547));
#3797=DIRECTION('',(1.,0.,0.));
#3798=DIRECTION('center_axis',(0.,1.,0.));
#3799=DIRECTION('ref_axis',(-1.,0.,0.));
#3800=DIRECTION('center_axis',(0.,1.,0.));
#3801=DIRECTION('ref_axis',(-1.,0.,0.));
#3802=DIRECTION('center_axis',(0.,1.,0.));
#3803=DIRECTION('ref_axis',(1.,0.,-1.11022302462516E-16));
#3804=DIRECTION('',(0.,1.,0.));
#3805=DIRECTION('',(0.,1.,0.));
#3806=DIRECTION('center_axis',(0.,0.,-1.));
#3807=DIRECTION('ref_axis',(-1.,0.,0.));
#3808=DIRECTION('',(0.,1.,0.));
#3809=DIRECTION('center_axis',(0.,1.,0.));
#3810=DIRECTION('ref_axis',(0.,0.,-1.));
#3811=DIRECTION('center_axis',(0.,1.,0.));
#3812=DIRECTION('ref_axis',(1.,0.,0.));
#3813=DIRECTION('center_axis',(0.,1.,0.));
#3814=DIRECTION('ref_axis',(-1.,0.,0.));
#3815=DIRECTION('center_axis',(0.,1.,0.));
#3816=DIRECTION('ref_axis',(-1.,0.,0.));
#3817=DIRECTION('center_axis',(0.,0.,1.));
#3818=DIRECTION('ref_axis',(0.,-1.,0.));
#3819=DIRECTION('',(1.,0.,0.));
#3820=DIRECTION('',(1.,0.,0.));
#3821=DIRECTION('center_axis',(1.,0.,0.));
#3822=DIRECTION('ref_axis',(0.,0.,1.));
#3823=DIRECTION('',(1.,0.,0.));
#3824=DIRECTION('center_axis',(0.,0.,-1.));
#3825=DIRECTION('ref_axis',(0.,1.,0.));
#3826=DIRECTION('',(1.,0.,0.));
#3827=DIRECTION('center_axis',(1.,0.,0.));
#3828=DIRECTION('ref_axis',(0.,0.,1.));
#3829=DIRECTION('center_axis',(0.,-1.,0.));
#3830=DIRECTION('ref_axis',(-1.,0.,0.));
#3831=DIRECTION('',(0.,-1.,0.));
#3832=DIRECTION('center_axis',(0.,-1.,0.));
#3833=DIRECTION('ref_axis',(-1.,0.,0.));
#3834=DIRECTION('',(0.,-1.,0.));
#3835=DIRECTION('center_axis',(1.,0.,0.));
#3836=DIRECTION('ref_axis',(0.,0.,-1.));
#3837=DIRECTION('center_axis',(0.,0.,1.));
#3838=DIRECTION('ref_axis',(1.,0.,0.));
#3839=DIRECTION('',(1.,0.,0.));
#3840=DIRECTION('',(0.,1.,0.));
#3841=DIRECTION('',(1.,0.,0.));
#3842=DIRECTION('',(0.,1.,0.));
#3843=DIRECTION('center_axis',(-1.,0.,0.));
#3844=DIRECTION('ref_axis',(0.,0.,1.));
#3845=DIRECTION('',(0.,0.,1.));
#3846=DIRECTION('',(0.,1.,0.));
#3847=DIRECTION('',(0.,0.,1.));
#3848=DIRECTION('center_axis',(0.,0.,-1.));
#3849=DIRECTION('ref_axis',(-1.,0.,0.));
#3850=DIRECTION('',(-1.,0.,0.));
#3851=DIRECTION('',(0.,1.,0.));
#3852=DIRECTION('',(-1.,0.,0.));
#3853=DIRECTION('center_axis',(0.,-1.,0.));
#3854=DIRECTION('ref_axis',(1.,0.,0.));
#3855=DIRECTION('center_axis',(0.,-1.,0.));
#3856=DIRECTION('ref_axis',(1.,0.,0.));
#3857=DIRECTION('center_axis',(0.,0.,1.));
#3858=DIRECTION('ref_axis',(1.,0.,0.));
#3859=DIRECTION('',(1.,0.,0.));
#3860=DIRECTION('',(1.,0.,0.));
#3861=DIRECTION('',(0.,1.,0.));
#3862=DIRECTION('center_axis',(0.,0.,-1.));
#3863=DIRECTION('ref_axis',(-1.,0.,0.));
#3864=DIRECTION('',(-1.,0.,0.));
#3865=DIRECTION('',(0.,1.,0.));
#3866=DIRECTION('',(-1.,0.,0.));
#3867=DIRECTION('center_axis',(1.,0.,0.));
#3868=DIRECTION('ref_axis',(0.,0.,-1.));
#3869=DIRECTION('',(0.,0.,-1.));
#3870=DIRECTION('',(0.,0.,-1.));
#3871=DIRECTION('center_axis',(0.,-1.,0.));
#3872=DIRECTION('ref_axis',(1.,0.,0.));
#3873=DIRECTION('center_axis',(0.,-1.,0.));
#3874=DIRECTION('ref_axis',(1.,0.,0.));
#3875=DIRECTION('center_axis',(0.,-1.,0.));
#3876=DIRECTION('ref_axis',(1.,0.,0.));
#3877=DIRECTION('center_axis',(0.,1.,0.));
#3878=DIRECTION('ref_axis',(1.,0.,0.));
#3879=DIRECTION('',(0.,1.,0.));
#3880=DIRECTION('center_axis',(0.,-1.,0.));
#3881=DIRECTION('ref_axis',(1.,0.,0.));
#3882=DIRECTION('center_axis',(0.,-1.,0.));
#3883=DIRECTION('ref_axis',(-1.83697019872103E-16,0.,-1.));
#3884=DIRECTION('center_axis',(0.,-1.,0.));
#3885=DIRECTION('ref_axis',(1.,0.,0.));
#3886=DIRECTION('',(0.,1.,0.));
#3887=DIRECTION('',(0.,1.,0.));
#3888=DIRECTION('',(0.,1.,0.));
#3889=DIRECTION('center_axis',(0.,-1.,0.));
#3890=DIRECTION('ref_axis',(1.,0.,0.));
#3891=DIRECTION('center_axis',(0.,1.,0.));
#3892=DIRECTION('ref_axis',(-1.,0.,0.));
#3893=DIRECTION('center_axis',(0.,1.,0.));
#3894=DIRECTION('ref_axis',(0.,0.,1.));
#3895=DIRECTION('',(-1.,0.,9.69627080347512E-17));
#3896=DIRECTION('center_axis',(0.,1.,0.));
#3897=DIRECTION('ref_axis',(-1.,0.,0.));
#3898=DIRECTION('',(5.55111502662138E-17,0.,-1.));
#3899=DIRECTION('center_axis',(0.,1.,0.));
#3900=DIRECTION('ref_axis',(7.77156117237611E-16,0.,-1.));
#3901=DIRECTION('',(1.,0.,-6.06016925217195E-18));
#3902=DIRECTION('center_axis',(0.,1.,0.));
#3903=DIRECTION('ref_axis',(1.,0.,-2.55351295663785E-15));
#3904=DIRECTION('',(0.,0.,1.));
#3905=DIRECTION('center_axis',(0.,-1.,0.));
#3906=DIRECTION('ref_axis',(-1.,0.,0.));
#3907=DIRECTION('center_axis',(0.,-1.,0.));
#3908=DIRECTION('ref_axis',(-1.,0.,0.));
#3909=DIRECTION('center_axis',(0.,-1.,0.));
#3910=DIRECTION('ref_axis',(-1.,0.,0.));
#3911=DIRECTION('center_axis',(0.,-1.,0.));
#3912=DIRECTION('ref_axis',(-1.,0.,0.));
#3913=DIRECTION('center_axis',(0.,-1.,0.));
#3914=DIRECTION('ref_axis',(-1.,0.,0.));
#3915=DIRECTION('center_axis',(0.,-1.,0.));
#3916=DIRECTION('ref_axis',(-1.,0.,0.));
#3917=DIRECTION('',(0.,-1.,0.));
#3918=DIRECTION('center_axis',(0.,-1.,0.));
#3919=DIRECTION('ref_axis',(-1.,0.,0.));
#3920=DIRECTION('center_axis',(0.,1.,0.));
#3921=DIRECTION('ref_axis',(-1.,0.,0.));
#3922=DIRECTION('center_axis',(0.,1.,0.));
#3923=DIRECTION('ref_axis',(-1.,0.,0.));
#3924=DIRECTION('center_axis',(0.,-1.,0.));
#3925=DIRECTION('ref_axis',(-1.,0.,0.));
#3926=DIRECTION('center_axis',(0.,-1.,0.));
#3927=DIRECTION('ref_axis',(-1.,0.,0.));
#3928=DIRECTION('',(0.,-1.,0.));
#3929=DIRECTION('center_axis',(0.,-1.,0.));
#3930=DIRECTION('ref_axis',(-1.,0.,0.));
#3931=DIRECTION('center_axis',(0.,1.,0.));
#3932=DIRECTION('ref_axis',(-1.,0.,0.));
#3933=DIRECTION('center_axis',(0.,1.,0.));
#3934=DIRECTION('ref_axis',(-1.,0.,0.));
#3935=DIRECTION('center_axis',(0.,-1.,0.));
#3936=DIRECTION('ref_axis',(-1.,0.,0.));
#3937=DIRECTION('center_axis',(0.,-1.,0.));
#3938=DIRECTION('ref_axis',(-1.,0.,0.));
#3939=DIRECTION('',(0.,-1.,0.));
#3940=DIRECTION('center_axis',(0.,-1.,0.));
#3941=DIRECTION('ref_axis',(-1.,0.,0.));
#3942=DIRECTION('center_axis',(0.,1.,0.));
#3943=DIRECTION('ref_axis',(-1.,0.,0.));
#3944=DIRECTION('center_axis',(0.,1.,0.));
#3945=DIRECTION('ref_axis',(-1.,0.,0.));
#3946=DIRECTION('center_axis',(0.,-1.,0.));
#3947=DIRECTION('ref_axis',(-1.,0.,0.));
#3948=DIRECTION('center_axis',(0.,-1.,0.));
#3949=DIRECTION('ref_axis',(-1.,0.,0.));
#3950=DIRECTION('',(0.,-1.,0.));
#3951=DIRECTION('center_axis',(0.,-1.,0.));
#3952=DIRECTION('ref_axis',(-1.,0.,0.));
#3953=DIRECTION('center_axis',(0.,1.,0.));
#3954=DIRECTION('ref_axis',(-1.,0.,0.));
#3955=DIRECTION('center_axis',(0.,1.,0.));
#3956=DIRECTION('ref_axis',(-1.,0.,0.));
#3957=DIRECTION('center_axis',(0.,-1.,0.));
#3958=DIRECTION('ref_axis',(1.,0.,5.55111512312578E-16));
#3959=DIRECTION('',(0.,0.707106781186548,0.707106781186547));
#3960=DIRECTION('center_axis',(0.,-1.,0.));
#3961=DIRECTION('ref_axis',(1.,0.,5.55111512312578E-16));
#3962=DIRECTION('',(0.707106781186547,-0.707106781186549,2.61682076447296E-16));
#3963=DIRECTION('center_axis',(0.,1.,0.));
#3964=DIRECTION('ref_axis',(1.,0.,5.55111512312578E-16));
#3965=DIRECTION('center_axis',(0.,0.707106781186548,-0.707106781186547));
#3966=DIRECTION('ref_axis',(-1.,0.,0.));
#3967=DIRECTION('',(2.61682076447296E-16,0.707106781186547,0.707106781186548));
#3968=DIRECTION('',(1.,0.,0.));
#3969=DIRECTION('',(-1.,0.,0.));
#3970=DIRECTION('center_axis',(0.,-1.,0.));
#3971=DIRECTION('ref_axis',(7.7715611723761E-16,0.,-1.));
#3972=DIRECTION('',(0.707106781186548,0.707106781186547,-5.23364152894592E-16));
#3973=DIRECTION('center_axis',(0.,-1.,0.));
#3974=DIRECTION('ref_axis',(7.7715611723761E-16,0.,-1.));
#3975=DIRECTION('center_axis',(0.,1.,0.));
#3976=DIRECTION('ref_axis',(7.7715611723761E-16,0.,-1.));
#3977=DIRECTION('center_axis',(-0.707106781186547,0.707106781186548,1.35352795449993E-17));
#3978=DIRECTION('ref_axis',(1.91417759030492E-17,0.,1.));
#3979=DIRECTION('',(0.707106781186548,0.707106781186547,0.));
#3980=DIRECTION('',(-1.91417759030492E-17,0.,-1.));
#3981=DIRECTION('',(1.91417759030492E-17,0.,1.));
#3982=DIRECTION('center_axis',(0.,-1.,0.));
#3983=DIRECTION('ref_axis',(-1.,0.,-8.88178419700126E-16));
#3984=DIRECTION('',(-5.23364152894592E-16,0.707106781186547,-0.707106781186547));
#3985=DIRECTION('center_axis',(0.,-1.,0.));
#3986=DIRECTION('ref_axis',(-1.,0.,-8.88178419700126E-16));
#3987=DIRECTION('center_axis',(0.,1.,0.));
#3988=DIRECTION('ref_axis',(-1.,0.,-8.88178419700126E-16));
#3989=DIRECTION('center_axis',(-1.42735675451842E-16,0.707106781186547,
0.707106781186549));
#3990=DIRECTION('ref_axis',(1.,0.,2.01858728058479E-16));
#3991=DIRECTION('',(0.,0.707106781186549,-0.707106781186547));
#3992=DIRECTION('',(-1.,0.,-2.01858728058479E-16));
#3993=DIRECTION('',(1.,0.,2.01858728058479E-16));
#3994=DIRECTION('center_axis',(0.,-1.,0.));
#3995=DIRECTION('ref_axis',(0.,0.,1.));
#3996=DIRECTION('',(-0.707106781186547,0.707106781186549,2.09345661157837E-15));
#3997=DIRECTION('center_axis',(0.,-1.,0.));
#3998=DIRECTION('ref_axis',(0.,0.,1.));
#3999=DIRECTION('center_axis',(0.,1.,0.));
#4000=DIRECTION('ref_axis',(0.,0.,1.));
#4001=DIRECTION('center_axis',(0.707106781186546,0.707106781186549,0.));
#4002=DIRECTION('ref_axis',(0.,0.,-1.));
#4003=DIRECTION('',(0.,0.,1.));
#4004=DIRECTION('',(0.,0.,-1.));
#4005=DIRECTION('center_axis',(-1.,0.,1.91417759030492E-17));
#4006=DIRECTION('ref_axis',(1.91417759030492E-17,0.,1.));
#4007=DIRECTION('',(0.,1.,0.));
#4008=DIRECTION('',(-1.91417759030492E-17,0.,-1.));
#4009=DIRECTION('',(0.,1.,0.));
#4010=DIRECTION('center_axis',(0.,1.,0.));
#4011=DIRECTION('ref_axis',(7.7715611723761E-16,0.,-1.));
#4012=DIRECTION('',(0.,1.,0.));
#4013=DIRECTION('center_axis',(0.,1.,0.));
#4014=DIRECTION('ref_axis',(7.7715611723761E-16,0.,-1.));
#4015=DIRECTION('center_axis',(0.,0.,-1.));
#4016=DIRECTION('ref_axis',(-1.,0.,0.));
#4017=DIRECTION('',(0.,1.,0.));
#4018=DIRECTION('',(1.,0.,0.));
#4019=DIRECTION('center_axis',(0.,1.,0.));
#4020=DIRECTION('ref_axis',(1.,0.,5.55111512312578E-16));
#4021=DIRECTION('',(0.,1.,0.));
#4022=DIRECTION('center_axis',(0.,1.,0.));
#4023=DIRECTION('ref_axis',(1.,0.,5.55111512312578E-16));
#4024=DIRECTION('center_axis',(0.,1.,0.));
#4025=DIRECTION('ref_axis',(-1.,0.,0.));
#4026=DIRECTION('center_axis',(0.,1.,0.));
#4027=DIRECTION('ref_axis',(-1.,0.,0.));
#4028=DIRECTION('center_axis',(0.,1.,0.));
#4029=DIRECTION('ref_axis',(0.,0.,1.));
#4030=DIRECTION('',(-1.,0.,-2.01858728058479E-16));
#4031=DIRECTION('center_axis',(0.,1.,0.));
#4032=DIRECTION('ref_axis',(-1.,0.,-8.88178419700126E-16));
#4033=DIRECTION('',(0.,0.,1.));
#4034=DIRECTION('',(1.,0.,-9.69627080347512E-17));
#4035=DIRECTION('center_axis',(0.,1.,0.));
#4036=DIRECTION('ref_axis',(0.,0.,1.));
#4037=DIRECTION('',(0.,0.,-1.));
#4038=DIRECTION('center_axis',(0.,1.,0.));
#4039=DIRECTION('ref_axis',(1.,0.,-2.55351295663785E-15));
#4040=DIRECTION('',(-1.,0.,6.06016925217195E-18));
#4041=DIRECTION('center_axis',(0.,1.,0.));
#4042=DIRECTION('ref_axis',(7.77156117237611E-16,0.,-1.));
#4043=DIRECTION('',(-5.55111502662138E-17,0.,1.));
#4044=DIRECTION('center_axis',(0.,1.,0.));
#4045=DIRECTION('ref_axis',(-1.,0.,0.));
#4046=DIRECTION('center_axis',(-2.01858728058479E-16,0.,1.));
#4047=DIRECTION('ref_axis',(1.,0.,2.01858728058479E-16));
#4048=DIRECTION('',(0.,1.,0.));
#4049=DIRECTION('',(0.,1.,0.));
#4050=DIRECTION('center_axis',(0.,1.,0.));
#4051=DIRECTION('ref_axis',(-1.,0.,-8.88178419700126E-16));
#4052=DIRECTION('center_axis',(1.,0.,0.));
#4053=DIRECTION('ref_axis',(0.,0.,-1.));
#4054=DIRECTION('',(0.,1.,0.));
#4055=DIRECTION('center_axis',(0.,1.,0.));
#4056=DIRECTION('ref_axis',(0.,0.,1.));
#4057=DIRECTION('center_axis',(0.,1.,0.));
#4058=DIRECTION('ref_axis',(-1.,0.,0.));
#4059=DIRECTION('',(0.,-1.,0.));
#4060=DIRECTION('center_axis',(0.,1.,0.));
#4061=DIRECTION('ref_axis',(-1.,0.,0.));
#4062=DIRECTION('',(0.,-1.,0.));
#4063=DIRECTION('center_axis',(0.,1.,0.));
#4064=DIRECTION('ref_axis',(-1.,0.,0.));
#4065=DIRECTION('',(0.,-1.,0.));
#4066=DIRECTION('center_axis',(0.,1.,0.));
#4067=DIRECTION('ref_axis',(-1.,0.,0.));
#4068=DIRECTION('',(0.,-1.,0.));
#4069=DIRECTION('center_axis',(9.69627080347513E-17,0.,1.));
#4070=DIRECTION('ref_axis',(1.,0.,-9.69627080347512E-17));
#4071=DIRECTION('',(0.,1.,0.));
#4072=DIRECTION('',(0.,1.,0.));
#4073=DIRECTION('center_axis',(0.,1.,0.));
#4074=DIRECTION('ref_axis',(-1.,0.,0.));
#4075=DIRECTION('',(0.,1.,0.));
#4076=DIRECTION('center_axis',(-1.,0.,-5.55111502662138E-17));
#4077=DIRECTION('ref_axis',(-5.55111502662138E-17,0.,1.));
#4078=DIRECTION('',(0.,1.,0.));
#4079=DIRECTION('center_axis',(0.,1.,0.));
#4080=DIRECTION('ref_axis',(7.77156117237611E-16,0.,-1.));
#4081=DIRECTION('',(0.,1.,0.));
#4082=DIRECTION('center_axis',(-6.06016925217195E-18,0.,-1.));
#4083=DIRECTION('ref_axis',(-1.,0.,6.06016925217195E-18));
#4084=DIRECTION('',(0.,1.,0.));
#4085=DIRECTION('center_axis',(0.,1.,0.));
#4086=DIRECTION('ref_axis',(1.,0.,-2.55351295663785E-15));
#4087=DIRECTION('',(0.,1.,0.));
#4088=DIRECTION('center_axis',(1.,0.,0.));
#4089=DIRECTION('ref_axis',(0.,0.,-1.));
#4090=DIRECTION('',(0.,1.,0.));
#4091=DIRECTION('center_axis',(0.,1.,0.));
#4092=DIRECTION('ref_axis',(0.,0.,1.));
#4093=DIRECTION('center_axis',(0.,1.,0.));
#4094=DIRECTION('ref_axis',(-1.,0.,0.));
#4095=DIRECTION('',(4.44089209850063E-16,2.16215934045749E-14,-1.));
#4096=DIRECTION('',(1.,-9.601916330737E-30,4.44089209850063E-16));
#4097=DIRECTION('',(4.44089209850043E-16,9.38138455808258E-15,-1.00000000000001));
#4098=DIRECTION('',(0.999999999999995,-1.66533453693773E-16,3.33066907387545E-16));
#4099=CARTESIAN_POINT('',(0.,0.,0.));
#4100=CARTESIAN_POINT('',(0.,0.,0.));
#4101=CARTESIAN_POINT('Origin',(40.0000005960465,5.00000007450581,-8.32667268468867E-16));
#4102=CARTESIAN_POINT('',(42.5000005960465,5.00000007450581,-8.32667268468867E-16));
#4103=CARTESIAN_POINT('Origin',(40.0000005960465,5.00000007450581,5.55111512312578E-16));
#4104=CARTESIAN_POINT('',(42.5000005960465,5.00000007450581,26.8775014478357));
#4105=CARTESIAN_POINT('',(42.5000005960465,5.00000007450581,-8.32667268468867E-16));
#4106=CARTESIAN_POINT('',(37.5000005960465,5.00000007450581,26.8775014478356));
#4107=CARTESIAN_POINT('Ctrl Pts',(37.5000005960465,5.00000007450581,26.8775014478356));
#4108=CARTESIAN_POINT('Ctrl Pts',(37.5000005960465,5.32621330590317,26.8775014478356));
#4109=CARTESIAN_POINT('Ctrl Pts',(37.5671066714872,5.66405474452294,26.8210408612781));
#4110=CARTESIAN_POINT('Ctrl Pts',(37.8243233788284,6.27529375669658,26.6397649729027));
#4111=CARTESIAN_POINT('Ctrl Pts',(38.0144053969571,6.54993878134916,26.5191416976911));
#4112=CARTESIAN_POINT('Ctrl Pts',(38.4483404838318,6.98387386822392,26.3053572247309));
#4113=CARTESIAN_POINT('Ctrl Pts',(38.7234258777389,7.17513371303898,26.1960013534085));
#4114=CARTESIAN_POINT('Ctrl Pts',(39.3371754752133,7.43341591101806,26.0426383028408));
#4115=CARTESIAN_POINT('Ctrl Pts',(39.6763652911518,7.50000007450581,26.0000004470348));
#4116=CARTESIAN_POINT('Ctrl Pts',(40.3236359009412,7.50000007450581,26.0000004470348));
#4117=CARTESIAN_POINT('Ctrl Pts',(40.6628257168797,7.43341591101806,26.0426383028408));
#4118=CARTESIAN_POINT('Ctrl Pts',(41.276575314354,7.17513371303898,26.1960013534085));
#4119=CARTESIAN_POINT('Ctrl Pts',(41.5516607082611,6.98387386822391,26.3053572247309));
#4120=CARTESIAN_POINT('Ctrl Pts',(41.9855957951359,6.54993878134916,26.5191416976911));
#4121=CARTESIAN_POINT('Ctrl Pts',(42.1756778132646,6.27529375669658,26.6397649729027));
#4122=CARTESIAN_POINT('Ctrl Pts',(42.4328945206057,5.66405474452294,26.8210408612782));
#4123=CARTESIAN_POINT('Ctrl Pts',(42.5000005960465,5.32621330590317,26.8775014478357));
#4124=CARTESIAN_POINT('Ctrl Pts',(42.5000005960465,5.00000007450581,26.8775014478357));
#4125=CARTESIAN_POINT('Ctrl Pts',(42.5000005960465,5.00000007450582,26.8775014478357));
#4126=CARTESIAN_POINT('Ctrl Pts',(42.5000005960465,4.67378684310846,26.8775014478357));
#4127=CARTESIAN_POINT('Ctrl Pts',(42.4328945206057,4.33594540448869,26.8210408612782));
#4128=CARTESIAN_POINT('Ctrl Pts',(42.1756778132646,3.72470639231505,26.6397649729027));
#4129=CARTESIAN_POINT('Ctrl Pts',(41.9855957951359,3.45006136766247,26.5191416976911));
#4130=CARTESIAN_POINT('Ctrl Pts',(41.5516607082611,3.01612628078771,26.3053572247309));
#4131=CARTESIAN_POINT('Ctrl Pts',(41.276575314354,2.82486643597265,26.1960013534085));
#4132=CARTESIAN_POINT('Ctrl Pts',(40.6628257168797,2.56658423799357,26.0426383028408));
#4133=CARTESIAN_POINT('Ctrl Pts',(40.3236359009412,2.50000007450581,26.0000004470348));
#4134=CARTESIAN_POINT('Ctrl Pts',(39.6763652911518,2.50000007450581,26.0000004470348));
#4135=CARTESIAN_POINT('Ctrl Pts',(39.3371754752133,2.56658423799357,26.0426383028408));
#4136=CARTESIAN_POINT('Ctrl Pts',(38.7234258777389,2.82486643597265,26.1960013534085));
#4137=CARTESIAN_POINT('Ctrl Pts',(38.4483404838318,3.01612628078771,26.3053572247309));
#4138=CARTESIAN_POINT('Ctrl Pts',(38.0144053969571,3.45006136766247,26.5191416976911));
#4139=CARTESIAN_POINT('Ctrl Pts',(37.8243233788284,3.72470639231505,26.6397649729027));
#4140=CARTESIAN_POINT('Ctrl Pts',(37.5671066714872,4.33594540448869,26.8210408612781));
#4141=CARTESIAN_POINT('Ctrl Pts',(37.5000005960465,4.67378684310846,26.8775014478356));
#4142=CARTESIAN_POINT('Ctrl Pts',(37.5000005960465,5.00000007450582,26.8775014478356));
#4143=CARTESIAN_POINT('Origin',(40.0000005960465,5.00000007450581,-8.32667268468867E-16));
#4144=CARTESIAN_POINT('',(37.5000005960465,5.00000007450581,33.1224994462341));
#4145=CARTESIAN_POINT('',(42.5000005960465,5.00000007450581,33.122499446234));
#4146=CARTESIAN_POINT('Ctrl Pts',(37.5000005960465,5.00000007450581,33.1224994462341));
#4147=CARTESIAN_POINT('Ctrl Pts',(37.5000005960465,4.67378684310846,33.1224994462341));
#4148=CARTESIAN_POINT('Ctrl Pts',(37.5671066714872,4.33594540448869,33.1789600327915));
#4149=CARTESIAN_POINT('Ctrl Pts',(37.8243233788284,3.72470639231505,33.360235921167));
#4150=CARTESIAN_POINT('Ctrl Pts',(38.0144053969571,3.45006136766247,33.4808591963786));
#4151=CARTESIAN_POINT('Ctrl Pts',(38.4483404838318,3.01612628078771,33.6946436693388));
#4152=CARTESIAN_POINT('Ctrl Pts',(38.7234258777389,2.82486643597265,33.8039995406612));
#4153=CARTESIAN_POINT('Ctrl Pts',(39.3371754752133,2.56658423799357,33.9573625912289));
#4154=CARTESIAN_POINT('Ctrl Pts',(39.6763652911518,2.50000007450581,34.0000004470348));
#4155=CARTESIAN_POINT('Ctrl Pts',(40.3236359009412,2.50000007450581,34.0000004470348));
#4156=CARTESIAN_POINT('Ctrl Pts',(40.6628257168797,2.56658423799357,33.9573625912289));
#4157=CARTESIAN_POINT('Ctrl Pts',(41.276575314354,2.82486643597265,33.8039995406612));
#4158=CARTESIAN_POINT('Ctrl Pts',(41.5516607082611,3.01612628078771,33.6946436693388));
#4159=CARTESIAN_POINT('Ctrl Pts',(41.9855957951359,3.45006136766247,33.4808591963785));
#4160=CARTESIAN_POINT('Ctrl Pts',(42.1756778132646,3.72470639231505,33.360235921167));
#4161=CARTESIAN_POINT('Ctrl Pts',(42.4328945206057,4.33594540448869,33.1789600327915));
#4162=CARTESIAN_POINT('Ctrl Pts',(42.5000005960465,4.67378684310845,33.122499446234));
#4163=CARTESIAN_POINT('Ctrl Pts',(42.5000005960465,5.00000007450581,33.122499446234));
#4164=CARTESIAN_POINT('Ctrl Pts',(42.5000005960465,5.00000007450581,33.122499446234));
#4165=CARTESIAN_POINT('Ctrl Pts',(42.5000005960465,5.32621330590317,33.122499446234));
#4166=CARTESIAN_POINT('Ctrl Pts',(42.4328945206057,5.66405474452294,33.1789600327915));
#4167=CARTESIAN_POINT('Ctrl Pts',(42.1756778132646,6.27529375669658,33.360235921167));
#4168=CARTESIAN_POINT('Ctrl Pts',(41.9855957951359,6.54993878134916,33.4808591963785));
#4169=CARTESIAN_POINT('Ctrl Pts',(41.5516607082611,6.98387386822391,33.6946436693388));
#4170=CARTESIAN_POINT('Ctrl Pts',(41.276575314354,7.17513371303898,33.8039995406612));
#4171=CARTESIAN_POINT('Ctrl Pts',(40.6628257168797,7.43341591101806,33.9573625912289));
#4172=CARTESIAN_POINT('Ctrl Pts',(40.3236359009411,7.50000007450581,34.0000004470348));
#4173=CARTESIAN_POINT('Ctrl Pts',(39.6763652911518,7.50000007450581,34.0000004470348));
#4174=CARTESIAN_POINT('Ctrl Pts',(39.3371754752133,7.43341591101806,33.9573625912289));
#4175=CARTESIAN_POINT('Ctrl Pts',(38.7234258777389,7.17513371303898,33.8039995406612));
#4176=CARTESIAN_POINT('Ctrl Pts',(38.4483404838318,6.98387386822392,33.6946436693388));
#4177=CARTESIAN_POINT('Ctrl Pts',(38.0144053969571,6.54993878134916,33.4808591963786));
#4178=CARTESIAN_POINT('Ctrl Pts',(37.8243233788284,6.27529375669658,33.360235921167));
#4179=CARTESIAN_POINT('Ctrl Pts',(37.5671066714872,5.66405474452294,33.1789600327915));
#4180=CARTESIAN_POINT('Ctrl Pts',(37.5000005960465,5.32621330590317,33.1224994462341));
#4181=CARTESIAN_POINT('Ctrl Pts',(37.5000005960465,5.00000007450582,33.1224994462341));
#4182=CARTESIAN_POINT('',(42.5000005960465,5.00000007450581,60.));
#4183=CARTESIAN_POINT('',(42.5000005960465,5.00000007450581,-8.32667268468867E-16));
#4184=CARTESIAN_POINT('Origin',(40.0000005960465,5.00000007450581,60.));
#4185=CARTESIAN_POINT('Origin',(40.0000005960464,35.,30.0000004470348));
#4186=CARTESIAN_POINT('',(44.0000005960464,35.,30.0000004470348));
#4187=CARTESIAN_POINT('Origin',(40.0000005960464,35.,30.0000004470348));
#4188=CARTESIAN_POINT('',(44.0000005960464,0.,30.0000004470348));
#4189=CARTESIAN_POINT('',(44.0000005960464,35.,30.0000004470348));
#4190=CARTESIAN_POINT('Origin',(40.0000005960464,0.,30.0000004470348));
#4191=CARTESIAN_POINT('Origin',(9.99999999999999,15.,50.));
#4192=CARTESIAN_POINT('',(12.5,15.,50.));
#4193=CARTESIAN_POINT('Origin',(9.99999999999999,15.,50.));
#4194=CARTESIAN_POINT('',(12.5,12.,50.));
#4195=CARTESIAN_POINT('',(12.5,15.,50.));
#4196=CARTESIAN_POINT('Origin',(9.99999999999999,12.,50.));
#4197=CARTESIAN_POINT('Origin',(9.99999999999999,12.,50.));
#4198=CARTESIAN_POINT('',(11.5,12.,50.));
#4199=CARTESIAN_POINT('Origin',(9.99999999999999,12.,50.));
#4200=CARTESIAN_POINT('Origin',(60.,15.,9.99999999999999));
#4201=CARTESIAN_POINT('',(62.5,15.,9.99999999999999));
#4202=CARTESIAN_POINT('Origin',(60.,15.,9.99999999999999));
#4203=CARTESIAN_POINT('',(62.5,12.,9.99999999999999));
#4204=CARTESIAN_POINT('',(62.5,15.,9.99999999999999));
#4205=CARTESIAN_POINT('Origin',(60.,12.,9.99999999999999));
#4206=CARTESIAN_POINT('Origin',(60.,12.,9.99999999999999));
#4207=CARTESIAN_POINT('',(61.5,12.,9.99999999999999));
#4208=CARTESIAN_POINT('Origin',(60.,12.,9.99999999999999));
#4209=CARTESIAN_POINT('Origin',(9.99999999999999,15.,9.99999999999999));
#4210=CARTESIAN_POINT('',(12.5,15.,9.99999999999999));
#4211=CARTESIAN_POINT('Origin',(9.99999999999999,15.,9.99999999999999));
#4212=CARTESIAN_POINT('',(12.5,12.,9.99999999999999));
#4213=CARTESIAN_POINT('',(12.5,15.,9.99999999999999));
#4214=CARTESIAN_POINT('Origin',(9.99999999999999,12.,9.99999999999999));
#4215=CARTESIAN_POINT('Origin',(9.99999999999999,12.,9.99999999999999));
#4216=CARTESIAN_POINT('',(11.5,12.,9.99999999999999));
#4217=CARTESIAN_POINT('Origin',(9.99999999999999,12.,9.99999999999999));
#4218=CARTESIAN_POINT('Origin',(60.,15.,50.));
#4219=CARTESIAN_POINT('',(62.65,15.,50.));
#4220=CARTESIAN_POINT('Origin',(60.,15.,50.));
#4221=CARTESIAN_POINT('',(62.65,12.,50.));
#4222=CARTESIAN_POINT('',(62.65,15.,50.));
#4223=CARTESIAN_POINT('Origin',(60.,12.,50.));
#4224=CARTESIAN_POINT('Origin',(60.,12.,50.));
#4225=CARTESIAN_POINT('',(61.5,12.,50.));
#4226=CARTESIAN_POINT('Origin',(60.,12.,50.));
#4227=CARTESIAN_POINT('Origin',(9.99999999999999,15.,9.99999999999999));
#4228=CARTESIAN_POINT('',(11.5,0.,9.99999999999999));
#4229=CARTESIAN_POINT('',(11.5,15.,9.99999999999999));
#4230=CARTESIAN_POINT('Origin',(9.99999999999999,0.,9.99999999999999));
#4231=CARTESIAN_POINT('Origin',(60.,15.,9.99999999999999));
#4232=CARTESIAN_POINT('',(61.5,0.,9.99999999999999));
#4233=CARTESIAN_POINT('',(61.5,15.,9.99999999999999));
#4234=CARTESIAN_POINT('Origin',(60.,0.,9.99999999999999));
#4235=CARTESIAN_POINT('Origin',(9.99999999999999,15.,50.));
#4236=CARTESIAN_POINT('',(11.5,0.,50.));
#4237=CARTESIAN_POINT('',(11.5,15.,50.));
#4238=CARTESIAN_POINT('Origin',(9.99999999999999,0.,50.));
#4239=CARTESIAN_POINT('Origin',(60.,15.,50.));
#4240=CARTESIAN_POINT('',(61.5,0.,50.));
#4241=CARTESIAN_POINT('',(61.5,15.,50.));
#4242=CARTESIAN_POINT('Origin',(60.,0.,50.));
#4243=CARTESIAN_POINT('Origin',(35.0000005215406,35.,35.0000005215406));
#4244=CARTESIAN_POINT('',(36.7500005215406,35.,35.0000005215406));
#4245=CARTESIAN_POINT('Origin',(35.0000005215406,35.,35.0000005215406));
#4246=CARTESIAN_POINT('',(36.7500005215406,16.,35.0000005215406));
#4247=CARTESIAN_POINT('',(36.7500005215406,35.,35.0000005215406));
#4248=CARTESIAN_POINT('Origin',(35.0000005215406,16.,35.0000005215406));
#4249=CARTESIAN_POINT('Origin',(35.0000005215406,16.,35.0000005215406));
#4250=CARTESIAN_POINT('Origin',(35.0000005215406,35.,25.000000372529));
#4251=CARTESIAN_POINT('',(36.7500005215406,35.,25.000000372529));
#4252=CARTESIAN_POINT('Origin',(35.0000005215406,35.,25.000000372529));
#4253=CARTESIAN_POINT('',(36.7500005215406,16.,25.000000372529));
#4254=CARTESIAN_POINT('',(36.7500005215406,35.,25.000000372529));
#4255=CARTESIAN_POINT('Origin',(35.0000005215406,16.,25.000000372529));
#4256=CARTESIAN_POINT('Origin',(35.0000005215406,16.,25.000000372529));
#4257=CARTESIAN_POINT('Origin',(60.,13.5,9.99999999999999));
#4258=CARTESIAN_POINT('',(60.,12.,-1.11022302462516E-15));
#4259=CARTESIAN_POINT('',(60.,15.,3.));
#4260=CARTESIAN_POINT('',(60.,12.,-1.11022302462516E-15));
#4261=CARTESIAN_POINT('',(67.,15.,9.99999999999999));
#4262=CARTESIAN_POINT('Origin',(60.,15.,9.99999999999999));
#4263=CARTESIAN_POINT('',(70.,12.,9.99999999999999));
#4264=CARTESIAN_POINT('',(67.,15.,9.99999999999999));
#4265=CARTESIAN_POINT('Origin',(60.,12.,9.99999999999999));
#4266=CARTESIAN_POINT('Origin',(47.5,13.5,1.5));
#4267=CARTESIAN_POINT('',(10.,12.,-2.22044604925031E-15));
#4268=CARTESIAN_POINT('',(10.,15.,3.));
#4269=CARTESIAN_POINT('',(10.,12.,-2.22044604925031E-15));
#4270=CARTESIAN_POINT('',(47.5,15.,3.));
#4271=CARTESIAN_POINT('',(47.5,12.,0.));
#4272=CARTESIAN_POINT('Origin',(9.99999999999999,13.5,9.99999999999999));
#4273=CARTESIAN_POINT('',(0.,12.,10.));
#4274=CARTESIAN_POINT('',(3.,15.,10.));
#4275=CARTESIAN_POINT('',(0.,12.,10.));
#4276=CARTESIAN_POINT('Origin',(9.99999999999999,15.,9.99999999999999));
#4277=CARTESIAN_POINT('Origin',(9.99999999999999,12.,9.99999999999999));
#4278=CARTESIAN_POINT('Origin',(1.5,13.5,20.));
#4279=CARTESIAN_POINT('',(1.11022302462516E-15,12.,50.));
#4280=CARTESIAN_POINT('',(3.,15.,50.));
#4281=CARTESIAN_POINT('',(1.11022302462516E-15,12.,50.));
#4282=CARTESIAN_POINT('',(3.,15.,20.));
#4283=CARTESIAN_POINT('',(0.,12.,20.));
#4284=CARTESIAN_POINT('Origin',(9.99999999999999,13.5,50.));
#4285=CARTESIAN_POINT('',(10.,12.,60.));
#4286=CARTESIAN_POINT('',(10.,15.,57.));
#4287=CARTESIAN_POINT('',(10.,12.,60.));
#4288=CARTESIAN_POINT('Origin',(9.99999999999999,15.,50.));
#4289=CARTESIAN_POINT('Origin',(9.99999999999999,12.,50.));
#4290=CARTESIAN_POINT('Origin',(22.5,13.5,58.5));
#4291=CARTESIAN_POINT('',(60.,12.,60.));
#4292=CARTESIAN_POINT('',(60.,15.,57.));
#4293=CARTESIAN_POINT('',(60.,12.,60.));
#4294=CARTESIAN_POINT('',(22.5,15.,57.));
#4295=CARTESIAN_POINT('',(22.5,12.,60.));
#4296=CARTESIAN_POINT('Origin',(60.,13.5,50.));
#4297=CARTESIAN_POINT('',(70.,12.,50.));
#4298=CARTESIAN_POINT('',(67.,15.,50.));
#4299=CARTESIAN_POINT('',(70.,12.,50.));
#4300=CARTESIAN_POINT('Origin',(60.,15.,50.));
#4301=CARTESIAN_POINT('Origin',(60.,12.,50.));
#4302=CARTESIAN_POINT('Origin',(68.5,13.5,40.));
#4303=CARTESIAN_POINT('',(67.,15.,40.));
#4304=CARTESIAN_POINT('',(70.,12.,40.));
#4305=CARTESIAN_POINT('Origin',(0.,0.,10.));
#4306=CARTESIAN_POINT('',(0.,0.,10.));
#4307=CARTESIAN_POINT('',(0.,0.,10.));
#4308=CARTESIAN_POINT('',(1.11022302462516E-15,0.,50.));
#4309=CARTESIAN_POINT('',(1.11022302462516E-15,0.,50.));
#4310=CARTESIAN_POINT('',(1.11022302462516E-15,0.,50.));
#4311=CARTESIAN_POINT('Origin',(9.99999999999999,0.,9.99999999999999));
#4312=CARTESIAN_POINT('',(10.,0.,-2.22044604925031E-15));
#4313=CARTESIAN_POINT('',(10.,0.,-2.22044604925031E-15));
#4314=CARTESIAN_POINT('Origin',(9.99999999999999,0.,9.99999999999999));
#4315=CARTESIAN_POINT('Origin',(60.,0.,5.55111512312578E-16));
#4316=CARTESIAN_POINT('',(60.,0.,-1.11022302462516E-15));
#4317=CARTESIAN_POINT('',(60.,0.,-1.11022302462516E-15));
#4318=CARTESIAN_POINT('',(10.,0.,-2.22044604925031E-15));
#4319=CARTESIAN_POINT('Origin',(60.,0.,9.99999999999999));
#4320=CARTESIAN_POINT('',(70.,0.,9.99999999999999));
#4321=CARTESIAN_POINT('',(70.,0.,9.99999999999999));
#4322=CARTESIAN_POINT('Origin',(60.,0.,9.99999999999999));
#4323=CARTESIAN_POINT('Origin',(35.,15.,30.));
#4324=CARTESIAN_POINT('',(15.,15.,30.));
#4325=CARTESIAN_POINT('Origin',(35.,15.,30.));
#4326=CARTESIAN_POINT('Origin',(35.,22.,30.));
#4327=CARTESIAN_POINT('',(35.,25.,13.));
#4328=CARTESIAN_POINT('Origin',(35.,25.,30.));
#4329=CARTESIAN_POINT('',(35.,22.,10.));
#4330=CARTESIAN_POINT('Origin',(35.,22.,13.));
#4331=CARTESIAN_POINT('',(15.,22.,30.));
#4332=CARTESIAN_POINT('Origin',(35.,22.,30.));
#4333=CARTESIAN_POINT('Origin',(35.,22.,30.));
#4334=CARTESIAN_POINT('Origin',(35.,0.,30.));
#4335=CARTESIAN_POINT('',(15.,0.,30.));
#4336=CARTESIAN_POINT('Origin',(35.,25.,30.));
#4337=CARTESIAN_POINT('',(47.5,25.,30.));
#4338=CARTESIAN_POINT('Origin',(35.,25.,30.));
#4339=CARTESIAN_POINT('Origin',(35.,25.,30.));
#4340=CARTESIAN_POINT('',(47.5,35.,30.));
#4341=CARTESIAN_POINT('Origin',(35.,35.,30.));
#4342=CARTESIAN_POINT('',(47.5,25.,30.));
#4343=CARTESIAN_POINT('Origin',(35.,35.,30.));
#4344=CARTESIAN_POINT('Origin',(70.,0.,50.));
#4345=CARTESIAN_POINT('',(70.,0.,50.));
#4346=CARTESIAN_POINT('',(70.,0.,50.));
#4347=CARTESIAN_POINT('',(70.,0.,9.99999999999999));
#4348=CARTESIAN_POINT('Origin',(60.,0.,50.));
#4349=CARTESIAN_POINT('',(60.,0.,60.));
#4350=CARTESIAN_POINT('',(60.,0.,60.));
#4351=CARTESIAN_POINT('Origin',(60.,0.,50.));
#4352=CARTESIAN_POINT('Origin',(10.,0.,60.));
#4353=CARTESIAN_POINT('',(10.,0.,60.));
#4354=CARTESIAN_POINT('',(10.,0.,60.));
#4355=CARTESIAN_POINT('',(60.,0.,60.));
#4356=CARTESIAN_POINT('Origin',(9.99999999999999,0.,50.));
#4357=CARTESIAN_POINT('Origin',(9.99999999999999,0.,50.));
#4358=CARTESIAN_POINT('Origin',(35.,0.,30.));
#4359=CARTESIAN_POINT('',(0.,0.,0.));
#4360=CARTESIAN_POINT('Origin',(-1.60102692004444,62.,65.));
#4361=CARTESIAN_POINT('',(-1.60102692004444,62.,65.));
#4362=CARTESIAN_POINT('',(-1.60102692004443,62.,5.00000000000001));
#4363=CARTESIAN_POINT('',(-1.60102692004444,62.,50.));
#4364=CARTESIAN_POINT('',(-1.60102692004444,59.,65.));
#4365=CARTESIAN_POINT('',(-1.60102692004444,62.,65.));
#4366=CARTESIAN_POINT('',(-1.60102692004443,59.,5.00000000000001));
#4367=CARTESIAN_POINT('',(-1.60102692004443,59.,5.00000000000001));
#4368=CARTESIAN_POINT('',(-1.60102692004443,62.,5.00000000000001));
#4369=CARTESIAN_POINT('Origin',(3.39897307995556,62.,65.));
#4370=CARTESIAN_POINT('',(3.39897307995556,62.,70.));
#4371=CARTESIAN_POINT('Origin',(3.39897307995556,62.,65.));
#4372=CARTESIAN_POINT('',(3.39897307995556,59.,70.));
#4373=CARTESIAN_POINT('',(3.39897307995556,62.,70.));
#4374=CARTESIAN_POINT('Origin',(3.39897307995556,59.,65.));
#4375=CARTESIAN_POINT('Origin',(95.,62.,70.));
#4376=CARTESIAN_POINT('',(95.,62.,70.));
#4377=CARTESIAN_POINT('',(72.5,62.,70.));
#4378=CARTESIAN_POINT('',(95.,59.,70.));
#4379=CARTESIAN_POINT('',(95.,62.,70.));
#4380=CARTESIAN_POINT('',(3.39897307995556,59.,70.));
#4381=CARTESIAN_POINT('Origin',(95.,62.,65.));
#4382=CARTESIAN_POINT('',(100.,62.,65.));
#4383=CARTESIAN_POINT('Origin',(95.,62.,65.));
#4384=CARTESIAN_POINT('',(100.,59.,65.));
#4385=CARTESIAN_POINT('',(100.,62.,65.));
#4386=CARTESIAN_POINT('Origin',(95.,59.,65.));
#4387=CARTESIAN_POINT('Origin',(100.,62.,5.));
#4388=CARTESIAN_POINT('',(100.,62.,5.));
#4389=CARTESIAN_POINT('',(100.,62.,20.));
#4390=CARTESIAN_POINT('',(100.,59.,5.));
#4391=CARTESIAN_POINT('',(100.,62.,5.));
#4392=CARTESIAN_POINT('',(100.,59.,65.));
#4393=CARTESIAN_POINT('Origin',(95.,62.,5.00000000000001));
#4394=CARTESIAN_POINT('',(95.,62.,-4.44089209850063E-15));
#4395=CARTESIAN_POINT('Origin',(95.,62.,5.00000000000001));
#4396=CARTESIAN_POINT('',(95.,59.,-4.44089209850063E-15));
#4397=CARTESIAN_POINT('',(95.,62.,-4.44089209850063E-15));
#4398=CARTESIAN_POINT('Origin',(95.,59.,5.00000000000001));
#4399=CARTESIAN_POINT('Origin',(3.39897307995557,62.,3.09000616915576E-15));
#4400=CARTESIAN_POINT('',(3.39897307995556,62.,6.10622663543836E-15));
#4401=CARTESIAN_POINT('',(26.6994865399778,62.,2.22044604925031E-15));
#4402=CARTESIAN_POINT('',(3.39897307995556,59.,6.10622663543836E-15));
#4403=CARTESIAN_POINT('',(3.39897307995556,62.,6.10622663543836E-15));
#4404=CARTESIAN_POINT('',(95.,59.,-4.44089209850063E-15));
#4405=CARTESIAN_POINT('Origin',(3.39897307995557,62.,5.00000000000001));
#4406=CARTESIAN_POINT('Origin',(3.39897307995557,62.,5.00000000000001));
#4407=CARTESIAN_POINT('Origin',(3.39897307995557,59.,5.00000000000001));
#4408=CARTESIAN_POINT('Origin',(49.1994865399778,59.,35.));
#4409=CARTESIAN_POINT('',(9.50000013411045,59.,2.));
#4410=CARTESIAN_POINT('Origin',(9.00000013411045,59.,2.));
#4411=CARTESIAN_POINT('',(90.5000013411045,59.,68.));
#4412=CARTESIAN_POINT('Origin',(90.0000013411045,59.,68.));
#4413=CARTESIAN_POINT('',(93.0000013411045,59.,67.));
#4414=CARTESIAN_POINT('',(95.,59.,67.));
#4415=CARTESIAN_POINT('',(74.5997432699889,59.,67.));
#4416=CARTESIAN_POINT('',(93.0000013411045,59.,68.));
#4417=CARTESIAN_POINT('',(93.0000013411045,59.,52.5));
#4418=CARTESIAN_POINT('',(87.0000013411045,59.,68.));
#4419=CARTESIAN_POINT('Origin',(90.0000013411045,59.,68.));
#4420=CARTESIAN_POINT('',(87.0000013411045,59.,67.));
#4421=CARTESIAN_POINT('',(87.0000013411045,59.,52.5));
#4422=CARTESIAN_POINT('',(12.0000001341105,59.,67.));
#4423=CARTESIAN_POINT('',(74.5997432699889,59.,67.));
#4424=CARTESIAN_POINT('',(12.0000001341105,59.,68.));
#4425=CARTESIAN_POINT('',(12.0000001341105,59.,52.5));
#4426=CARTESIAN_POINT('',(6.00000013411045,59.,68.));
#4427=CARTESIAN_POINT('Origin',(9.00000013411045,59.,68.));
#4428=CARTESIAN_POINT('',(6.00000013411044,59.,67.));
#4429=CARTESIAN_POINT('',(6.00000013411045,59.,52.5));
#4430=CARTESIAN_POINT('',(0.,59.,67.));
#4431=CARTESIAN_POINT('',(74.5997432699889,59.,67.));
#4432=CARTESIAN_POINT('',(0.,59.,3.));
#4433=CARTESIAN_POINT('',(0.,59.,52.5));
#4434=CARTESIAN_POINT('',(6.00000013411044,59.,3.));
#4435=CARTESIAN_POINT('',(24.5997432699889,59.,3.));
#4436=CARTESIAN_POINT('',(6.00000013411045,59.,2.));
#4437=CARTESIAN_POINT('',(6.00000013411045,59.,17.5));
#4438=CARTESIAN_POINT('',(12.0000001341105,59.,2.));
#4439=CARTESIAN_POINT('Origin',(9.00000013411045,59.,2.));
#4440=CARTESIAN_POINT('',(12.0000001341105,59.,3.));
#4441=CARTESIAN_POINT('',(12.0000001341105,59.,17.5));
#4442=CARTESIAN_POINT('',(87.0000013411045,59.,3.));
#4443=CARTESIAN_POINT('',(24.5997432699889,59.,3.));
#4444=CARTESIAN_POINT('',(87.0000013411045,59.,2.));
#4445=CARTESIAN_POINT('',(87.0000013411045,59.,17.5));
#4446=CARTESIAN_POINT('',(93.0000013411045,59.,2.));
#4447=CARTESIAN_POINT('Origin',(90.0000013411045,59.,2.));
#4448=CARTESIAN_POINT('',(93.0000013411045,59.,3.));
#4449=CARTESIAN_POINT('',(93.0000013411045,59.,17.5));
#4450=CARTESIAN_POINT('',(95.,59.,3.));
#4451=CARTESIAN_POINT('',(24.5997432699889,59.,3.));
#4452=CARTESIAN_POINT('',(95.,59.,17.5));
#4453=CARTESIAN_POINT('',(90.5000013411045,59.,2.));
#4454=CARTESIAN_POINT('Origin',(90.0000013411045,59.,2.));
#4455=CARTESIAN_POINT('',(9.50000013411046,59.,68.));
#4456=CARTESIAN_POINT('Origin',(9.00000013411045,59.,68.));
#4457=CARTESIAN_POINT('Origin',(0.,0.,70.));
#4458=CARTESIAN_POINT('',(0.,2.,67.));
#4459=CARTESIAN_POINT('',(0.,0.,67.));
#4460=CARTESIAN_POINT('',(0.,2.,3.));
#4461=CARTESIAN_POINT('',(0.,2.,2.));
#4462=CARTESIAN_POINT('',(0.,0.,3.));
#4463=CARTESIAN_POINT('',(0.,44.8722804965002,27.));
#4464=CARTESIAN_POINT('',(0.,25.1277219991995,27.));
#4465=CARTESIAN_POINT('',(0.,12.5638609995998,27.));
#4466=CARTESIAN_POINT('',(0.,25.1277161887308,43.));
#4467=CARTESIAN_POINT('Origin',(0.,28.0000004172325,35.0000010430813));
#4468=CARTESIAN_POINT('',(0.,44.8722834017345,43.));
#4469=CARTESIAN_POINT('',(0.,22.4361417008672,43.));
#4470=CARTESIAN_POINT('Origin',(0.,42.0000006258488,35.0000005215406));
#4471=CARTESIAN_POINT('Origin',(6.00000013411045,62.,70.));
#4472=CARTESIAN_POINT('',(6.00000013411045,55.,68.));
#4473=CARTESIAN_POINT('',(6.00000013411045,62.,68.));
#4474=CARTESIAN_POINT('',(6.00000013411044,55.,67.));
#4475=CARTESIAN_POINT('',(6.00000013411045,55.,70.));
#4476=CARTESIAN_POINT('',(6.00000013411045,62.,67.));
#4477=CARTESIAN_POINT('Origin',(9.00000013411045,62.,68.));
#4478=CARTESIAN_POINT('',(12.0000001341105,55.,68.));
#4479=CARTESIAN_POINT('',(12.0000001341105,62.,68.));
#4480=CARTESIAN_POINT('',(11.8284272588566,55.,67.));
#4481=CARTESIAN_POINT('Origin',(9.00000013411045,55.,68.));
#4482=CARTESIAN_POINT('',(6.17157300936426,55.,67.));
#4483=CARTESIAN_POINT('Origin',(9.00000013411045,55.,68.));
#4484=CARTESIAN_POINT('Origin',(9.00000013411045,55.,68.));
#4485=CARTESIAN_POINT('Origin',(12.0000001341105,55.,70.));
#4486=CARTESIAN_POINT('',(12.0000001341105,55.,67.));
#4487=CARTESIAN_POINT('',(12.0000001341105,62.,67.));
#4488=CARTESIAN_POINT('',(12.0000001341105,55.,70.));
#4489=CARTESIAN_POINT('Origin',(87.0000013411045,62.,70.));
#4490=CARTESIAN_POINT('',(87.0000013411045,55.,68.));
#4491=CARTESIAN_POINT('',(87.0000013411045,62.,68.));
#4492=CARTESIAN_POINT('',(87.0000013411045,55.,67.));
#4493=CARTESIAN_POINT('',(87.0000013411045,55.,70.));
#4494=CARTESIAN_POINT('',(87.0000013411045,62.,67.));
#4495=CARTESIAN_POINT('Origin',(90.0000013411045,62.,68.));
#4496=CARTESIAN_POINT('',(93.0000013411045,55.,68.));
#4497=CARTESIAN_POINT('',(93.0000013411045,62.,68.));
#4498=CARTESIAN_POINT('',(92.8284284658507,55.,67.));
#4499=CARTESIAN_POINT('Origin',(90.0000013411045,55.,68.));
#4500=CARTESIAN_POINT('',(87.1715742163583,55.,67.));
#4501=CARTESIAN_POINT('Origin',(90.0000013411045,55.,68.));
#4502=CARTESIAN_POINT('Origin',(90.0000013411045,55.,68.));
#4503=CARTESIAN_POINT('Origin',(93.0000013411045,55.,70.));
#4504=CARTESIAN_POINT('',(93.0000013411045,55.,67.));
#4505=CARTESIAN_POINT('',(93.0000013411045,62.,67.));
#4506=CARTESIAN_POINT('',(93.0000013411045,55.,70.));
#4507=CARTESIAN_POINT('Origin',(100.,0.,67.));
#4508=CARTESIAN_POINT('',(54.5000000670552,55.,67.));
#4509=CARTESIAN_POINT('',(54.5000000670552,55.,67.));
#4510=CARTESIAN_POINT('',(54.5000000670552,55.,67.));
#4511=CARTESIAN_POINT('',(95.0000006705523,55.,67.));
#4512=CARTESIAN_POINT('',(95.0000006705523,55.,67.));
#4513=CARTESIAN_POINT('',(95.0000006705523,55.,67.));
#4514=CARTESIAN_POINT('',(95.,2.,67.));
#4515=CARTESIAN_POINT('',(95.,0.,67.));
#4516=CARTESIAN_POINT('',(75.,2.,67.));
#4517=CARTESIAN_POINT('Origin',(87.0000013411045,55.,70.));
#4518=CARTESIAN_POINT('',(90.5000013411045,55.,68.));
#4519=CARTESIAN_POINT('Origin',(90.0000013411045,55.,68.));
#4520=CARTESIAN_POINT('Origin',(87.0000013411045,55.,70.));
#4521=CARTESIAN_POINT('Origin',(6.00000013411044,55.,70.));
#4522=CARTESIAN_POINT('',(9.50000013411046,55.,68.));
#4523=CARTESIAN_POINT('Origin',(9.00000013411045,55.,68.));
#4524=CARTESIAN_POINT('Origin',(6.00000013411044,55.,70.));
#4525=CARTESIAN_POINT('Origin',(6.00000013411044,55.,70.));
#4526=CARTESIAN_POINT('Origin',(87.0000013411045,55.,70.));
#4527=CARTESIAN_POINT('Origin',(9.00000013411045,55.,66.5));
#4528=CARTESIAN_POINT('Origin',(50.,2.,35.));
#4529=CARTESIAN_POINT('',(95.,2.,3.));
#4530=CARTESIAN_POINT('',(95.,2.,17.5));
#4531=CARTESIAN_POINT('',(25.,2.,3.));
#4532=CARTESIAN_POINT('',(13.25,2.,41.9912386378035));
#4533=CARTESIAN_POINT('Origin',(15.,2.,41.9912386378035));
#4534=CARTESIAN_POINT('',(13.25,2.,29.9912386378035));
#4535=CARTESIAN_POINT('Origin',(15.,2.,29.9912386378035));
#4536=CARTESIAN_POINT('',(51.0000007450581,2.,35.0000004470348));
#4537=CARTESIAN_POINT('Origin',(55.0000007450581,2.,35.0000004470348));
#4538=CARTESIAN_POINT('',(51.7500007450581,2.,30.0000004470348));
#4539=CARTESIAN_POINT('Origin',(50.0000007450581,2.,30.0000004470348));
#4540=CARTESIAN_POINT('',(51.7500007450581,2.,40.0000005960464));
#4541=CARTESIAN_POINT('Origin',(50.0000007450581,2.,40.0000005960464));
#4542=CARTESIAN_POINT('Origin',(95.,0.,0.));
#4543=CARTESIAN_POINT('',(95.,0.,3.));
#4544=CARTESIAN_POINT('Origin',(12.0000001341105,62.,0.));
#4545=CARTESIAN_POINT('',(12.0000001341105,55.,2.));
#4546=CARTESIAN_POINT('',(12.0000001341105,62.,2.));
#4547=CARTESIAN_POINT('',(12.0000001341105,55.,3.));
#4548=CARTESIAN_POINT('',(12.0000001341105,55.,1.94289029309402E-15));
#4549=CARTESIAN_POINT('',(12.0000001341105,62.,3.));
#4550=CARTESIAN_POINT('Origin',(6.00000013411045,55.,0.));
#4551=CARTESIAN_POINT('',(6.00000013411044,55.,3.));
#4552=CARTESIAN_POINT('',(6.00000013411045,62.,3.));
#4553=CARTESIAN_POINT('',(6.00000013411045,55.,2.));
#4554=CARTESIAN_POINT('',(6.00000013411045,55.,1.66533453693773E-15));
#4555=CARTESIAN_POINT('',(6.00000013411045,62.,2.));
#4556=CARTESIAN_POINT('Origin',(12.0000001341105,55.,0.));
#4557=CARTESIAN_POINT('',(9.50000013411045,55.,2.));
#4558=CARTESIAN_POINT('Origin',(9.00000013411045,55.,2.));
#4559=CARTESIAN_POINT('Origin',(12.0000001341105,55.,0.));
#4560=CARTESIAN_POINT('',(6.17157300936426,55.,3.));
#4561=CARTESIAN_POINT('Origin',(9.00000013411045,55.,2.));
#4562=CARTESIAN_POINT('',(4.50000006705523,55.,3.));
#4563=CARTESIAN_POINT('Origin',(93.0000013411045,55.,0.));
#4564=CARTESIAN_POINT('',(90.5000013411045,55.,2.));
#4565=CARTESIAN_POINT('Origin',(90.0000013411045,55.,2.));
#4566=CARTESIAN_POINT('Origin',(93.0000013411045,55.,0.));
#4567=CARTESIAN_POINT('',(93.0000013411045,55.,2.));
#4568=CARTESIAN_POINT('',(92.8284284658507,55.,3.));
#4569=CARTESIAN_POINT('Origin',(90.0000013411045,55.,2.));
#4570=CARTESIAN_POINT('',(93.0000013411045,55.,3.));
#4571=CARTESIAN_POINT('',(45.0000006705523,55.,3.));
#4572=CARTESIAN_POINT('',(93.0000013411045,55.,8.32667268468867E-16));
#4573=CARTESIAN_POINT('Origin',(93.0000013411045,55.,0.));
#4574=CARTESIAN_POINT('',(87.1715742163583,55.,3.));
#4575=CARTESIAN_POINT('',(87.0000013411045,55.,2.));
#4576=CARTESIAN_POINT('Origin',(90.0000013411045,55.,2.));
#4577=CARTESIAN_POINT('',(87.0000013411045,55.,3.));
#4578=CARTESIAN_POINT('',(87.0000013411045,55.,5.55111512312578E-16));
#4579=CARTESIAN_POINT('',(45.0000006705523,55.,3.));
#4580=CARTESIAN_POINT('Origin',(12.0000001341105,55.,0.));
#4581=CARTESIAN_POINT('',(11.8284272588566,55.,3.));
#4582=CARTESIAN_POINT('Origin',(9.00000013411045,55.,2.));
#4583=CARTESIAN_POINT('',(4.50000006705523,55.,3.));
#4584=CARTESIAN_POINT('Origin',(87.0000013411045,55.,0.));
#4585=CARTESIAN_POINT('',(87.0000013411045,62.,3.));
#4586=CARTESIAN_POINT('',(87.0000013411045,62.,2.));
#4587=CARTESIAN_POINT('Origin',(93.0000013411045,62.,0.));
#4588=CARTESIAN_POINT('',(93.0000013411045,62.,2.));
#4589=CARTESIAN_POINT('',(93.0000013411045,62.,3.));
#4590=CARTESIAN_POINT('Origin',(0.,0.,3.));
#4591=CARTESIAN_POINT('',(45.0000006705523,55.,3.));
#4592=CARTESIAN_POINT('',(4.50000006705523,55.,3.));
#4593=CARTESIAN_POINT('Origin',(90.0000013411045,55.,3.5));
#4594=CARTESIAN_POINT('Origin',(90.0000013411045,55.,2.));
#4595=CARTESIAN_POINT('Origin',(15.,0.,41.9912386378035));
#4596=CARTESIAN_POINT('',(12.35,0.,41.9912386378035));
#4597=CARTESIAN_POINT('Origin',(15.,0.,41.9912386378035));
#4598=CARTESIAN_POINT('',(12.35,1.,41.9912386378035));
#4599=CARTESIAN_POINT('',(12.35,0.,41.9912386378035));
#4600=CARTESIAN_POINT('Origin',(15.,1.,41.9912386378035));
#4601=CARTESIAN_POINT('Origin',(15.,1.,41.9912386378035));
#4602=CARTESIAN_POINT('',(13.25,1.,41.9912386378035));
#4603=CARTESIAN_POINT('Origin',(15.,1.,41.9912386378035));
#4604=CARTESIAN_POINT('Origin',(15.,0.,29.9912386378035));
#4605=CARTESIAN_POINT('',(12.35,0.,29.9912386378035));
#4606=CARTESIAN_POINT('Origin',(15.,0.,29.9912386378035));
#4607=CARTESIAN_POINT('',(12.35,1.,29.9912386378035));
#4608=CARTESIAN_POINT('',(12.35,0.,29.9912386378035));
#4609=CARTESIAN_POINT('Origin',(15.,1.,29.9912386378035));
#4610=CARTESIAN_POINT('Origin',(15.,1.,29.9912386378035));
#4611=CARTESIAN_POINT('',(13.25,1.,29.9912386378035));
#4612=CARTESIAN_POINT('Origin',(15.,1.,29.9912386378035));
#4613=CARTESIAN_POINT('Origin',(15.,0.,41.9912386378035));
#4614=CARTESIAN_POINT('',(13.25,0.,41.9912386378035));
#4615=CARTESIAN_POINT('Origin',(15.,0.,29.9912386378035));
#4616=CARTESIAN_POINT('',(13.25,0.,29.9912386378035));
#4617=CARTESIAN_POINT('Origin',(90.0000013411045,55.,66.5));
#4618=CARTESIAN_POINT('Origin',(9.00000013411045,55.,3.5));
#4619=CARTESIAN_POINT('Origin',(9.00000013411045,55.,2.));
#4620=CARTESIAN_POINT('Origin',(50.,62.,35.));
#4621=CARTESIAN_POINT('',(104.,62.,64.));
#4622=CARTESIAN_POINT('',(94.,62.,74.));
#4623=CARTESIAN_POINT('Origin',(94.,62.,64.));
#4624=CARTESIAN_POINT('',(104.,62.,6.));
#4625=CARTESIAN_POINT('',(104.,62.,49.5));
#4626=CARTESIAN_POINT('',(94.,62.,-4.));
#4627=CARTESIAN_POINT('Origin',(94.,62.,6.));
#4628=CARTESIAN_POINT('',(6.,62.,-4.));
#4629=CARTESIAN_POINT('',(72.,62.,-4.));
#4630=CARTESIAN_POINT('',(-4.,62.,6.00000000000001));
#4631=CARTESIAN_POINT('Origin',(6.,62.,6.));
#4632=CARTESIAN_POINT('',(-4.,62.,64.));
#4633=CARTESIAN_POINT('',(-4.,62.,20.5));
#4634=CARTESIAN_POINT('',(6.,62.,74.));
#4635=CARTESIAN_POINT('Origin',(6.,62.,64.));
#4636=CARTESIAN_POINT('',(28.,62.,74.));
#4637=CARTESIAN_POINT('Origin',(55.0000007450581,0.,35.0000004470348));
#4638=CARTESIAN_POINT('',(51.0000007450581,0.,35.0000004470348));
#4639=CARTESIAN_POINT('Origin',(55.0000007450581,0.,35.0000004470348));
#4640=CARTESIAN_POINT('',(51.0000007450581,0.,35.0000004470348));
#4641=CARTESIAN_POINT('Origin',(9.00000013411045,62.,2.));
#4642=CARTESIAN_POINT('',(9.50000013411045,62.,2.));
#4643=CARTESIAN_POINT('Origin',(9.00000013411045,62.,68.));
#4644=CARTESIAN_POINT('',(9.50000013411046,62.,68.));
#4645=CARTESIAN_POINT('Origin',(90.0000013411045,62.,2.));
#4646=CARTESIAN_POINT('',(90.5000013411045,62.,2.));
#4647=CARTESIAN_POINT('Origin',(90.0000013411045,62.,68.));
#4648=CARTESIAN_POINT('',(90.5000013411045,62.,68.));
#4649=CARTESIAN_POINT('Origin',(90.0000013411045,62.,2.));
#4650=CARTESIAN_POINT('Origin',(9.00000013411045,62.,2.));
#4651=CARTESIAN_POINT('Origin',(94.,0.,64.));
#4652=CARTESIAN_POINT('',(94.,3.,74.));
#4653=CARTESIAN_POINT('',(94.,0.,74.));
#4654=CARTESIAN_POINT('',(104.,3.,64.));
#4655=CARTESIAN_POINT('Origin',(94.,3.,64.));
#4656=CARTESIAN_POINT('',(104.,0.,64.));
#4657=CARTESIAN_POINT('Origin',(6.,0.,74.));
#4658=CARTESIAN_POINT('',(6.,3.,74.));
#4659=CARTESIAN_POINT('',(6.,0.,74.));
#4660=CARTESIAN_POINT('',(28.,3.,74.));
#4661=CARTESIAN_POINT('Origin',(6.,0.,64.));
#4662=CARTESIAN_POINT('',(-4.,3.,64.));
#4663=CARTESIAN_POINT('',(-4.,0.,64.));
#4664=CARTESIAN_POINT('Origin',(6.,3.,64.));
#4665=CARTESIAN_POINT('Origin',(-4.,0.,6.00000000000001));
#4666=CARTESIAN_POINT('',(-4.,3.,6.));
#4667=CARTESIAN_POINT('',(-4.,0.,6.));
#4668=CARTESIAN_POINT('',(-4.,3.,20.5));
#4669=CARTESIAN_POINT('',(-4.,25.1277219991995,27.));
#4670=CARTESIAN_POINT('',(-4.,44.8722804965002,27.));
#4671=CARTESIAN_POINT('',(-4.,12.5638609995998,27.));
#4672=CARTESIAN_POINT('',(-4.,44.8722834017345,43.));
#4673=CARTESIAN_POINT('Origin',(-4.,42.0000006258488,35.0000005215406));
#4674=CARTESIAN_POINT('',(-4.,25.1277161887308,43.));
#4675=CARTESIAN_POINT('',(-4.,22.4361417008672,43.));
#4676=CARTESIAN_POINT('Origin',(-4.,28.0000004172325,35.0000010430813));
#4677=CARTESIAN_POINT('Origin',(-2.5,1.5,20.5));
#4678=CARTESIAN_POINT('',(-1.,0.,6.));
#4679=CARTESIAN_POINT('',(-4.,3.,6.));
#4680=CARTESIAN_POINT('',(-1.,0.,64.));
#4681=CARTESIAN_POINT('',(-1.,0.,20.5));
#4682=CARTESIAN_POINT('',(-1.,0.,64.));
#4683=CARTESIAN_POINT('Origin',(6.,1.5,6.));
#4684=CARTESIAN_POINT('',(6.,3.,-4.));
#4685=CARTESIAN_POINT('Origin',(6.,3.,6.));
#4686=CARTESIAN_POINT('',(6.,0.,-0.999999999999999));
#4687=CARTESIAN_POINT('',(6.,3.,-4.));
#4688=CARTESIAN_POINT('Origin',(6.,0.,6.));
#4689=CARTESIAN_POINT('Origin',(72.,1.5,-2.5));
#4690=CARTESIAN_POINT('',(94.,3.,-4.));
#4691=CARTESIAN_POINT('',(94.,0.,-0.999999999999999));
#4692=CARTESIAN_POINT('',(94.,3.,-4.));
#4693=CARTESIAN_POINT('',(72.,0.,-0.999999999999999));
#4694=CARTESIAN_POINT('',(72.,3.,-4.));
#4695=CARTESIAN_POINT('Origin',(94.,1.5,6.));
#4696=CARTESIAN_POINT('',(104.,3.,6.));
#4697=CARTESIAN_POINT('Origin',(94.,3.,6.));
#4698=CARTESIAN_POINT('',(101.,0.,6.));
#4699=CARTESIAN_POINT('',(104.,3.,6.));
#4700=CARTESIAN_POINT('Origin',(94.,0.,6.));
#4701=CARTESIAN_POINT('Origin',(102.5,1.5,49.5));
#4702=CARTESIAN_POINT('',(101.,0.,64.));
#4703=CARTESIAN_POINT('',(104.,3.,64.));
#4704=CARTESIAN_POINT('',(101.,0.,49.5));
#4705=CARTESIAN_POINT('',(104.,3.,49.5));
#4706=CARTESIAN_POINT('Origin',(94.,1.5,64.));
#4707=CARTESIAN_POINT('',(94.,0.,71.));
#4708=CARTESIAN_POINT('',(94.,3.,74.));
#4709=CARTESIAN_POINT('Origin',(94.,0.,64.));
#4710=CARTESIAN_POINT('Origin',(28.,1.5,72.5));
#4711=CARTESIAN_POINT('',(6.,0.,71.));
#4712=CARTESIAN_POINT('',(6.,3.,74.));
#4713=CARTESIAN_POINT('',(28.,0.,71.));
#4714=CARTESIAN_POINT('Origin',(6.,1.5,64.));
#4715=CARTESIAN_POINT('Origin',(6.,0.,64.));
#4716=CARTESIAN_POINT('Origin',(94.,0.,6.));
#4717=CARTESIAN_POINT('',(104.,0.,6.));
#4718=CARTESIAN_POINT('',(94.,0.,-4.));
#4719=CARTESIAN_POINT('Origin',(94.,0.,-4.));
#4720=CARTESIAN_POINT('',(6.,0.,-4.));
#4721=CARTESIAN_POINT('Origin',(6.,0.,6.));
#4722=CARTESIAN_POINT('Origin',(50.,0.,35.));
#4723=CARTESIAN_POINT('',(51.7500007450581,0.,30.0000004470348));
#4724=CARTESIAN_POINT('Origin',(50.0000007450581,0.,30.0000004470348));
#4725=CARTESIAN_POINT('',(51.7500007450581,0.,40.0000005960464));
#4726=CARTESIAN_POINT('Origin',(50.0000007450581,0.,40.0000005960464));
#4727=CARTESIAN_POINT('Origin',(-4.,44.8722834017345,43.));
#4728=CARTESIAN_POINT('',(-4.,25.1277161887308,43.));
#4729=CARTESIAN_POINT('',(-4.,44.8722834017345,43.));
#4730=CARTESIAN_POINT('Origin',(-4.,42.0000006258488,35.0000005215406));
#4731=CARTESIAN_POINT('',(-4.,44.8722804965002,27.));
#4732=CARTESIAN_POINT('Origin',(-4.,25.1277219991995,27.));
#4733=CARTESIAN_POINT('',(-4.,25.1277219991995,27.));
#4734=CARTESIAN_POINT('Origin',(-4.,28.0000004172325,35.0000010430813));
#4735=CARTESIAN_POINT('Origin',(50.0000007450581,2.,30.0000004470348));
#4736=CARTESIAN_POINT('',(51.7500007450581,2.,30.0000004470348));
#4737=CARTESIAN_POINT('Origin',(50.0000007450581,2.,40.0000005960464));
#4738=CARTESIAN_POINT('',(51.7500007450581,2.,40.0000005960464));
#4739=CARTESIAN_POINT('Origin',(104.,0.,64.));
#4740=CARTESIAN_POINT('Origin',(15.,59.,65.));
#4741=CARTESIAN_POINT('',(15.,59.,65.));
#4742=CARTESIAN_POINT('',(50.,59.,65.));
#4743=CARTESIAN_POINT('',(32.1000003814697,59.,65.));
#4744=CARTESIAN_POINT('',(15.,62.,65.));
#4745=CARTESIAN_POINT('',(15.,59.,65.));
#4746=CARTESIAN_POINT('',(50.,62.,65.));
#4747=CARTESIAN_POINT('',(15.,62.,65.));
#4748=CARTESIAN_POINT('',(50.,59.,65.));
#4749=CARTESIAN_POINT('Origin',(15.,59.,5.00000007450581));
#4750=CARTESIAN_POINT('',(15.,59.,5.00000007450581));
#4751=CARTESIAN_POINT('',(15.,59.,20.0000002980232));
#4752=CARTESIAN_POINT('',(15.,62.,5.00000007450581));
#4753=CARTESIAN_POINT('',(15.,59.,5.00000007450581));
#4754=CARTESIAN_POINT('',(15.,62.,5.00000007450581));
#4755=CARTESIAN_POINT('Origin',(50.0012207031004,59.,5.00000007450581));
#4756=CARTESIAN_POINT('',(50.0012207031004,59.,5.00000007450581));
#4757=CARTESIAN_POINT('',(49.6006107330199,59.,5.00000007450581));
#4758=CARTESIAN_POINT('',(50.0012207031004,62.,5.00000007450581));
#4759=CARTESIAN_POINT('',(50.0012207031004,59.,5.00000007450581));
#4760=CARTESIAN_POINT('',(85.0000012665987,62.,5.00000007450581));
#4761=CARTESIAN_POINT('Origin',(32.5006103515502,62.,35.));
#4762=CARTESIAN_POINT('Origin',(50.,62.,35.));
#4763=CARTESIAN_POINT('Origin',(50.,59.,65.));
#4764=CARTESIAN_POINT('',(85.0000012665987,59.,65.));
#4765=CARTESIAN_POINT('',(49.6000003814697,59.,65.));
#4766=CARTESIAN_POINT('',(85.0000012665987,62.,65.));
#4767=CARTESIAN_POINT('',(15.,62.,65.));
#4768=CARTESIAN_POINT('',(85.0000012665987,59.,65.));
#4769=CARTESIAN_POINT('Origin',(85.0000012665987,59.,5.00000007450581));
#4770=CARTESIAN_POINT('',(85.0000012665987,59.,5.00000007450581));
#4771=CARTESIAN_POINT('',(67.1000010147691,59.,5.00000007450581));
#4772=CARTESIAN_POINT('',(85.0000012665987,62.,5.00000007450581));
#4773=CARTESIAN_POINT('',(85.0000012665987,59.,5.00000007450581));
#4774=CARTESIAN_POINT('',(85.0000012665987,62.,5.00000007450581));
#4775=CARTESIAN_POINT('Origin',(85.0000012665987,59.,65.));
#4776=CARTESIAN_POINT('',(85.0000012665987,59.,50.0000002607703));
#4777=CARTESIAN_POINT('',(85.0000012665987,62.,65.));
#4778=CARTESIAN_POINT('Origin',(67.5000006332994,62.,35.0000000124176));
#4779=CARTESIAN_POINT('Origin',(50.,62.,35.));
#4780=CARTESIAN_POINT('Origin',(50.,59.,35.));
#4781=CARTESIAN_POINT('',(22.5,54.,35.));
#4782=CARTESIAN_POINT('Origin',(50.,54.,35.));
#4783=CARTESIAN_POINT('',(22.5,59.,35.));
#4784=CARTESIAN_POINT('',(22.5,59.,35.));
#4785=CARTESIAN_POINT('Origin',(50.,59.,35.));
#4786=CARTESIAN_POINT('Origin',(50.,59.,35.));
#4787=CARTESIAN_POINT('',(50.,54.,65.));
#4788=CARTESIAN_POINT('Origin',(50.,54.,35.));
#4789=CARTESIAN_POINT('',(50.,59.,65.));
#4790=CARTESIAN_POINT('',(50.,59.,65.));
#4791=CARTESIAN_POINT('',(50.0012207031004,59.,5.00000007450581));
#4792=CARTESIAN_POINT('Origin',(50.,54.,35.));
#4793=CARTESIAN_POINT('Origin',(49.2000007629395,59.,35.0000005215406));
#4794=CARTESIAN_POINT('',(95.0000014901161,59.,70.0000010430813));
#4795=CARTESIAN_POINT('',(100.000001490116,59.,65.0000010430813));
#4796=CARTESIAN_POINT('Origin',(95.0000014901161,59.,65.0000010430813));
#4797=CARTESIAN_POINT('',(3.40000003576279,59.,70.0000010430813));
#4798=CARTESIAN_POINT('',(95.0000014901161,59.,70.0000010430813));
#4799=CARTESIAN_POINT('',(-1.59999996423722,59.,65.0000010430813));
#4800=CARTESIAN_POINT('Origin',(3.40000003576278,59.,65.0000010430813));
#4801=CARTESIAN_POINT('',(-1.59999996423721,59.,5.));
#4802=CARTESIAN_POINT('',(-1.59999996423722,59.,65.0000010430813));
#4803=CARTESIAN_POINT('',(3.40000003576278,59.,5.55111512312578E-16));
#4804=CARTESIAN_POINT('Origin',(3.40000003576278,59.,4.99999999999999));
#4805=CARTESIAN_POINT('',(95.0000014901161,59.,-7.7715611723761E-15));
#4806=CARTESIAN_POINT('',(3.40000003576278,59.,5.55111512312578E-16));
#4807=CARTESIAN_POINT('',(100.000001490116,59.,5.));
#4808=CARTESIAN_POINT('Origin',(95.0000014901161,59.,5.00000000000001));
#4809=CARTESIAN_POINT('',(100.000001490116,59.,5.));
#4810=CARTESIAN_POINT('',(90.5000013411045,59.,2.));
#4811=CARTESIAN_POINT('Origin',(90.0000013411045,59.,2.));
#4812=CARTESIAN_POINT('',(9.50000013411045,59.,2.));
#4813=CARTESIAN_POINT('Origin',(9.00000013411045,59.,2.));
#4814=CARTESIAN_POINT('',(90.5000013411045,59.,68.));
#4815=CARTESIAN_POINT('Origin',(90.0000013411045,59.,68.));
#4816=CARTESIAN_POINT('',(9.50000013411045,59.,68.));
#4817=CARTESIAN_POINT('Origin',(9.00000013411045,59.,68.));
#4818=CARTESIAN_POINT('Origin',(9.00000013411045,67.,68.));
#4819=CARTESIAN_POINT('',(11.0000001341104,67.,68.));
#4820=CARTESIAN_POINT('Origin',(9.00000013411045,67.,68.));
#4821=CARTESIAN_POINT('',(11.0000001341104,63.,68.));
#4822=CARTESIAN_POINT('',(11.0000001341104,67.,68.));
#4823=CARTESIAN_POINT('Origin',(9.00000013411045,63.,68.));
#4824=CARTESIAN_POINT('Origin',(9.00000013411045,63.,68.));
#4825=CARTESIAN_POINT('',(9.50000013411045,63.,68.));
#4826=CARTESIAN_POINT('Origin',(9.00000013411045,63.,68.));
#4827=CARTESIAN_POINT('Origin',(90.0000013411045,67.,2.));
#4828=CARTESIAN_POINT('',(92.0000013411045,67.,2.));
#4829=CARTESIAN_POINT('Origin',(90.0000013411045,67.,2.));
#4830=CARTESIAN_POINT('',(92.0000013411045,63.,2.));
#4831=CARTESIAN_POINT('',(92.0000013411045,67.,2.));
#4832=CARTESIAN_POINT('Origin',(90.0000013411045,63.,2.));
#4833=CARTESIAN_POINT('Origin',(90.0000013411045,63.,2.));
#4834=CARTESIAN_POINT('',(90.5000013411045,63.,2.));
#4835=CARTESIAN_POINT('Origin',(90.0000013411045,63.,2.));
#4836=CARTESIAN_POINT('Origin',(90.0000013411045,67.,68.));
#4837=CARTESIAN_POINT('',(92.0000013411045,67.,68.));
#4838=CARTESIAN_POINT('Origin',(90.0000013411045,67.,68.));
#4839=CARTESIAN_POINT('',(92.0000013411045,63.,68.));
#4840=CARTESIAN_POINT('',(92.0000013411045,67.,68.));
#4841=CARTESIAN_POINT('Origin',(90.0000013411045,63.,68.));
#4842=CARTESIAN_POINT('Origin',(90.0000013411045,63.,68.));
#4843=CARTESIAN_POINT('',(90.5000013411045,63.,68.));
#4844=CARTESIAN_POINT('Origin',(90.0000013411045,63.,68.));
#4845=CARTESIAN_POINT('Origin',(9.00000013411045,67.,2.));
#4846=CARTESIAN_POINT('',(11.0000001341105,67.,2.));
#4847=CARTESIAN_POINT('Origin',(9.00000013411045,67.,2.));
#4848=CARTESIAN_POINT('',(11.0000001341105,63.,2.));
#4849=CARTESIAN_POINT('',(11.0000001341105,67.,2.));
#4850=CARTESIAN_POINT('Origin',(9.00000013411045,63.,2.));
#4851=CARTESIAN_POINT('Origin',(9.00000013411045,63.,2.));
#4852=CARTESIAN_POINT('',(9.50000013411045,63.,2.));
#4853=CARTESIAN_POINT('Origin',(9.00000013411045,63.,2.));
#4854=CARTESIAN_POINT('Origin',(94.0000015497208,65.5,5.99999994039535));
#4855=CARTESIAN_POINT('',(94.0000015497208,64.,-4.00000005960465));
#4856=CARTESIAN_POINT('',(94.0000015497208,67.,-1.00000005960466));
#4857=CARTESIAN_POINT('',(94.0000015497208,64.,-4.00000005960465));
#4858=CARTESIAN_POINT('',(101.000001549721,67.,5.99999994039535));
#4859=CARTESIAN_POINT('Origin',(94.0000015497208,67.,5.99999994039535));
#4860=CARTESIAN_POINT('',(104.000001549721,64.,5.99999994039535));
#4861=CARTESIAN_POINT('',(101.000001549721,67.,5.99999994039535));
#4862=CARTESIAN_POINT('Origin',(94.0000015497208,64.,5.99999994039535));
#4863=CARTESIAN_POINT('Origin',(72.0000011473894,65.5,-2.50000005960464));
#4864=CARTESIAN_POINT('',(5.99999994039535,64.,-4.00000005960464));
#4865=CARTESIAN_POINT('',(5.99999994039536,67.,-1.00000005960464));
#4866=CARTESIAN_POINT('',(5.99999994039535,64.,-4.00000005960464));
#4867=CARTESIAN_POINT('',(72.0000011473894,67.,-1.00000005960464));
#4868=CARTESIAN_POINT('',(72.0000011473894,64.,-4.00000005960464));
#4869=CARTESIAN_POINT('Origin',(5.99999994039535,65.5,5.99999994039535));
#4870=CARTESIAN_POINT('',(-4.00000005960464,64.,5.99999994039536));
#4871=CARTESIAN_POINT('',(-1.00000005960464,67.,5.99999994039535));
#4872=CARTESIAN_POINT('',(-4.00000005960464,64.,5.99999994039536));
#4873=CARTESIAN_POINT('Origin',(5.99999994039535,67.,5.99999994039535));
#4874=CARTESIAN_POINT('Origin',(5.99999994039535,64.,5.99999994039535));
#4875=CARTESIAN_POINT('Origin',(-2.50000005960464,65.5,20.500000230968));
#4876=CARTESIAN_POINT('',(-4.00000005960464,64.,64.0000011026859));
#4877=CARTESIAN_POINT('',(-1.00000005960464,67.,64.0000011026859));
#4878=CARTESIAN_POINT('',(-4.00000005960464,64.,64.0000011026859));
#4879=CARTESIAN_POINT('',(-1.00000005960464,67.,20.500000230968));
#4880=CARTESIAN_POINT('',(-4.00000005960464,64.,20.500000230968));
#4881=CARTESIAN_POINT('Origin',(5.99999994039535,65.5,64.0000011026859));
#4882=CARTESIAN_POINT('',(5.99999994039536,64.,74.0000011026859));
#4883=CARTESIAN_POINT('',(5.99999994039535,67.,71.0000011026859));
#4884=CARTESIAN_POINT('',(5.99999994039536,64.,74.0000011026859));
#4885=CARTESIAN_POINT('Origin',(5.99999994039535,67.,64.0000011026859));
#4886=CARTESIAN_POINT('Origin',(5.99999994039535,64.,64.0000011026859));
#4887=CARTESIAN_POINT('Origin',(28.0000003427267,65.5,72.5000011026859));
#4888=CARTESIAN_POINT('',(94.0000015497208,64.,74.0000011026859));
#4889=CARTESIAN_POINT('',(94.0000015497208,67.,71.000001102686));
#4890=CARTESIAN_POINT('',(94.0000015497208,64.,74.0000011026859));
#4891=CARTESIAN_POINT('',(28.0000003427267,67.,71.0000011026859));
#4892=CARTESIAN_POINT('',(28.0000003427267,64.,74.0000011026859));
#4893=CARTESIAN_POINT('Origin',(94.0000015497208,65.5,64.0000011026859));
#4894=CARTESIAN_POINT('',(104.000001549721,64.,64.0000011026859));
#4895=CARTESIAN_POINT('',(101.000001549721,67.,64.0000011026859));
#4896=CARTESIAN_POINT('',(104.000001549721,64.,64.0000011026859));
#4897=CARTESIAN_POINT('Origin',(94.0000015497208,67.,64.0000011026859));
#4898=CARTESIAN_POINT('Origin',(94.0000015497208,64.,64.0000011026859));
#4899=CARTESIAN_POINT('Origin',(102.500001549721,65.5,49.5000008121133));
#4900=CARTESIAN_POINT('',(101.000001549721,67.,49.5000008121133));
#4901=CARTESIAN_POINT('',(104.000001549721,64.,49.5000008121133));
#4902=CARTESIAN_POINT('Origin',(-4.00000005960464,62.,5.99999994039536));
#4903=CARTESIAN_POINT('',(-4.00000005960464,62.,5.99999994039536));
#4904=CARTESIAN_POINT('',(-4.00000005960464,62.,5.99999994039536));
#4905=CARTESIAN_POINT('',(-4.00000005960464,62.,64.0000011026859));
#4906=CARTESIAN_POINT('',(-4.00000005960464,62.,64.0000011026859));
#4907=CARTESIAN_POINT('',(-4.00000005960464,62.,64.0000011026859));
#4908=CARTESIAN_POINT('Origin',(5.99999994039535,62.,5.99999994039535));
#4909=CARTESIAN_POINT('',(5.99999994039535,62.,-4.00000005960464));
#4910=CARTESIAN_POINT('',(5.99999994039535,62.,-4.00000005960464));
#4911=CARTESIAN_POINT('Origin',(5.99999994039535,62.,5.99999994039535));
#4912=CARTESIAN_POINT('Origin',(94.0000015497208,62.,-4.00000005960464));
#4913=CARTESIAN_POINT('',(94.0000015497208,62.,-4.00000005960465));
#4914=CARTESIAN_POINT('',(94.0000015497208,62.,-4.00000005960465));
#4915=CARTESIAN_POINT('',(5.99999994039535,62.,-4.00000005960464));
#4916=CARTESIAN_POINT('Origin',(94.0000015497208,62.,5.99999994039535));
#4917=CARTESIAN_POINT('',(104.000001549721,62.,5.99999994039535));
#4918=CARTESIAN_POINT('',(104.000001549721,62.,5.99999994039535));
#4919=CARTESIAN_POINT('Origin',(94.0000015497208,62.,5.99999994039535));
#4920=CARTESIAN_POINT('Origin',(50.0000007450581,67.,35.0000005215406));
#4921=CARTESIAN_POINT('Origin',(50.0000007450581,62.,35.0000005215406));
#4922=CARTESIAN_POINT('',(94.0000015497208,62.,74.0000011026859));
#4923=CARTESIAN_POINT('',(104.000001549721,62.,64.0000011026859));
#4924=CARTESIAN_POINT('Origin',(94.0000015497208,62.,64.0000011026859));
#4925=CARTESIAN_POINT('',(5.99999994039536,62.,74.0000011026859));
#4926=CARTESIAN_POINT('',(94.0000015497208,62.,74.0000011026859));
#4927=CARTESIAN_POINT('Origin',(5.99999994039535,62.,64.0000011026859));
#4928=CARTESIAN_POINT('',(104.000001549721,62.,5.99999994039535));
#4929=CARTESIAN_POINT('',(3.40000003576279,62.,70.0000010430813));
#4930=CARTESIAN_POINT('',(95.0000014901161,62.,70.0000010430813));
#4931=CARTESIAN_POINT('',(95.0000014901161,62.,70.0000010430813));
#4932=CARTESIAN_POINT('',(100.000001490116,62.,65.0000010430813));
#4933=CARTESIAN_POINT('Origin',(95.0000014901161,62.,65.0000010430813));
#4934=CARTESIAN_POINT('',(100.000001490116,62.,5.));
#4935=CARTESIAN_POINT('',(100.000001490116,62.,5.));
#4936=CARTESIAN_POINT('',(95.0000014901161,62.,-8.88178419700125E-15));
#4937=CARTESIAN_POINT('Origin',(95.0000014901161,62.,5.00000000000001));
#4938=CARTESIAN_POINT('',(3.40000003576278,62.,0.));
#4939=CARTESIAN_POINT('',(3.40000003576278,62.,5.55111512312578E-16));
#4940=CARTESIAN_POINT('',(-1.59999996423721,62.,5.));
#4941=CARTESIAN_POINT('Origin',(3.40000003576278,62.,4.99999999999999));
#4942=CARTESIAN_POINT('',(-1.59999996423722,62.,65.0000010430813));
#4943=CARTESIAN_POINT('',(-1.59999996423722,62.,65.0000010430813));
#4944=CARTESIAN_POINT('Origin',(3.40000003576278,62.,65.0000010430813));
#4945=CARTESIAN_POINT('Origin',(5.99999994039536,62.,74.0000011026859));
#4946=CARTESIAN_POINT('',(5.99999994039536,62.,74.0000011026859));
#4947=CARTESIAN_POINT('',(94.0000015497208,62.,74.0000011026859));
#4948=CARTESIAN_POINT('Origin',(5.99999994039535,62.,64.0000011026859));
#4949=CARTESIAN_POINT('Origin',(104.000001549721,62.,64.0000011026859));
#4950=CARTESIAN_POINT('',(104.000001549721,62.,64.0000011026859));
#4951=CARTESIAN_POINT('Origin',(94.0000015497208,62.,64.0000011026859));
#4952=CARTESIAN_POINT('Origin',(90.0000013411045,59.,2.));
#4953=CARTESIAN_POINT('',(90.5000013411045,59.,2.));
#4954=CARTESIAN_POINT('Origin',(9.00000013411045,59.,2.));
#4955=CARTESIAN_POINT('',(9.50000013411045,59.,2.));
#4956=CARTESIAN_POINT('Origin',(90.0000013411045,59.,68.));
#4957=CARTESIAN_POINT('',(90.5000013411045,59.,68.));
#4958=CARTESIAN_POINT('Origin',(9.00000013411045,59.,68.));
#4959=CARTESIAN_POINT('',(9.50000013411045,59.,68.));
#4960=CARTESIAN_POINT('Origin',(3.40000003576279,59.,70.0000010430813));
#4961=CARTESIAN_POINT('',(95.0000014901161,59.,70.0000010430813));
#4962=CARTESIAN_POINT('',(3.40000003576279,59.,70.0000010430813));
#4963=CARTESIAN_POINT('Origin',(3.40000003576278,59.,65.0000010430813));
#4964=CARTESIAN_POINT('',(-1.59999996423722,59.,65.0000010430813));
#4965=CARTESIAN_POINT('Origin',(-1.59999996423721,59.,5.));
#4966=CARTESIAN_POINT('',(-1.59999996423721,59.,5.));
#4967=CARTESIAN_POINT('Origin',(3.40000003576278,59.,4.99999999999999));
#4968=CARTESIAN_POINT('',(3.40000003576278,59.,5.55111512312578E-16));
#4969=CARTESIAN_POINT('Origin',(95.0000014901161,59.,0.));
#4970=CARTESIAN_POINT('',(95.0000014901161,59.,-7.7715611723761E-15));
#4971=CARTESIAN_POINT('Origin',(95.0000014901161,59.,5.00000000000001));
#4972=CARTESIAN_POINT('',(100.000001490116,59.,5.));
#4973=CARTESIAN_POINT('Origin',(100.000001490116,59.,65.0000010430813));
#4974=CARTESIAN_POINT('',(100.000001490116,59.,65.0000010430813));
#4975=CARTESIAN_POINT('Origin',(95.0000014901161,59.,65.0000010430813));
#4976=CARTESIAN_POINT('Origin',(49.2000007629395,59.,35.0000005215406));
#4977=CARTESIAN_POINT('',(4.00593428432545E-30,152.268029633752,60.0070839031078));
#4978=CARTESIAN_POINT('',(-14.9875507795577,117.617695736263,65.0256842415725));
#4979=UNCERTAINTY_MEASURE_WITH_UNIT(LENGTH_MEASURE(0.01),#4987,
'DISTANCE_ACCURACY_VALUE',
'Maximum model space distance between geometric entities at asserted c
onnectivities');
#4980=UNCERTAINTY_MEASURE_WITH_UNIT(LENGTH_MEASURE(0.01),#4987,
'DISTANCE_ACCURACY_VALUE',
'Maximum model space distance between geometric entities at asserted c
onnectivities');
#4981=UNCERTAINTY_MEASURE_WITH_UNIT(LENGTH_MEASURE(0.01),#4987,
'DISTANCE_ACCURACY_VALUE',
'Maximum model space distance between geometric entities at asserted c
onnectivities');
#4982=UNCERTAINTY_MEASURE_WITH_UNIT(LENGTH_MEASURE(0.01),#4987,
'DISTANCE_ACCURACY_VALUE',
'Maximum model space distance between geometric entities at asserted c
onnectivities');
#4983=(
GEOMETRIC_REPRESENTATION_CONTEXT(3)
GLOBAL_UNCERTAINTY_ASSIGNED_CONTEXT((#4979))
GLOBAL_UNIT_ASSIGNED_CONTEXT((#4987,#4989,#4990))
REPRESENTATION_CONTEXT('','3D')
);
#4984=(
GEOMETRIC_REPRESENTATION_CONTEXT(3)
GLOBAL_UNCERTAINTY_ASSIGNED_CONTEXT((#4980))
GLOBAL_UNIT_ASSIGNED_CONTEXT((#4987,#4989,#4990))
REPRESENTATION_CONTEXT('','3D')
);
#4985=(
GEOMETRIC_REPRESENTATION_CONTEXT(3)
GLOBAL_UNCERTAINTY_ASSIGNED_CONTEXT((#4981))
GLOBAL_UNIT_ASSIGNED_CONTEXT((#4987,#4989,#4990))
REPRESENTATION_CONTEXT('','3D')
);
#4986=(
GEOMETRIC_REPRESENTATION_CONTEXT(3)
GLOBAL_UNCERTAINTY_ASSIGNED_CONTEXT((#4982))
GLOBAL_UNIT_ASSIGNED_CONTEXT((#4987,#4989,#4990))
REPRESENTATION_CONTEXT('','3D')
);
#4987=(
LENGTH_UNIT()
NAMED_UNIT(*)
SI_UNIT(.MILLI.,.METRE.)
);
#4988=(
LENGTH_UNIT()
NAMED_UNIT(*)
SI_UNIT($,.METRE.)
);
#4989=(
NAMED_UNIT(*)
PLANE_ANGLE_UNIT()
SI_UNIT($,.RADIAN.)
);
#4990=(
NAMED_UNIT(*)
SI_UNIT($,.STERADIAN.)
SOLID_ANGLE_UNIT()
);
#4991=SHAPE_DEFINITION_REPRESENTATION(#4994,#4999);
#4992=SHAPE_DEFINITION_REPRESENTATION(#4995,#5000);
#4993=SHAPE_DEFINITION_REPRESENTATION(#4996,#5001);
#4994=PRODUCT_DEFINITION_SHAPE('',$,#5003);
#4995=PRODUCT_DEFINITION_SHAPE('',$,#5004);
#4996=PRODUCT_DEFINITION_SHAPE('',$,#5005);
#4997=PRODUCT_DEFINITION_SHAPE($,$,#17);
#4998=PRODUCT_DEFINITION_SHAPE($,$,#18);
#4999=SHAPE_REPRESENTATION('',(#2896,#3215,#3216),#4983);
#5000=SHAPE_REPRESENTATION('',(#2897),#4984);
#5001=SHAPE_REPRESENTATION('',(#2983),#4985);
#5002=PRODUCT_DEFINITION_CONTEXT('part definition',#5013,'design');
#5003=PRODUCT_DEFINITION('2026-08-14-14-21-11-342','(Unsaved)',#5006,#5002);
#5004=PRODUCT_DEFINITION('de camera','de camera',#5007,#5002);
#5005=PRODUCT_DEFINITION('capsESPcame','capsESPcame',#5008,#5002);
#5006=PRODUCT_DEFINITION_FORMATION('',$,#5015);
#5007=PRODUCT_DEFINITION_FORMATION('',$,#5016);
#5008=PRODUCT_DEFINITION_FORMATION('',$,#5017);
#5009=PRODUCT_RELATED_PRODUCT_CATEGORY('(Unsaved)','(Unsaved)',(#5015));
#5010=PRODUCT_RELATED_PRODUCT_CATEGORY('de camera','de camera',(#5016));
#5011=PRODUCT_RELATED_PRODUCT_CATEGORY('capsESPcame','capsESPcame',(#5017));
#5012=APPLICATION_PROTOCOL_DEFINITION('international standard',
'automotive_design',2009,#5013);
#5013=APPLICATION_CONTEXT(
'Core Data for Automotive Mechanical Design Process');
#5014=PRODUCT_CONTEXT('part definition',#5013,'mechanical');
#5015=PRODUCT('2026-08-14-14-21-11-342','(Unsaved)',$,(#5014));
#5016=PRODUCT('de camera','de camera',$,(#5014));
#5017=PRODUCT('capsESPcame','capsESPcame',$,(#5014));
#5018=PRESENTATION_STYLE_ASSIGNMENT((#5019));
#5019=SURFACE_STYLE_USAGE(.BOTH.,#5020);
#5020=SURFACE_SIDE_STYLE('',(#5021));
#5021=SURFACE_STYLE_FILL_AREA(#5022);
#5022=FILL_AREA_STYLE('Steel - Satin',(#5023));
#5023=FILL_AREA_STYLE_COLOUR('Steel - Satin',#5024);
#5024=COLOUR_RGB('Steel - Satin',0.627450980392157,0.627450980392157,0.627450980392157);
ENDSEC;
END-ISO-10303-21;
